stimulus_id,conv_id,query_id,query_text,retriever,generation_backend,summary,contribution_rating,knowledge_rating,trust_rating,leader_choice,notes
1,c1,0,What is the main topic of discussion?,tfidf,extractive_fallback,"For the question 'What is the main topic of discussion?', the retrieved evidence suggests: Speaker G said: If we keep the stack simple, we can focus on the analysis. Speaker C said: Let’s make the pipeline reproducible with fixed seeds and configs. It might feel like extra work now, but it saves time during analysis. Speaker B said: I'm not sure but, i agree. We should build a baseline before adding any improvements. Speaker G said: If we keep the stack simple, we can focus on the analysis. Speaker C said: I'm not fully convinced yet. If we keep it simple, we can run more experiments and comparisons. We can validate it quickly with a small pilot before we scale it up.",,,,,
2,c1,1,What are the key points being discussed?,tfidf,extractive_fallback,"For the question 'What are the key points being discussed?', the retrieved evidence suggests: Speaker G said: If we keep the stack simple, we can focus on the analysis. Speaker C said: Let’s make the pipeline reproducible with fixed seeds and configs. It might feel like extra work now, but it saves time during analysis. Speaker B said: I'm not sure but, i agree. We should build a baseline before adding any improvements. Speaker G said: If we keep the stack simple, we can focus on the analysis. Speaker C said: I'm not fully convinced yet. If we keep it simple, we can run more experiments and comparisons. We can validate it quickly with a small pilot before we scale it up.",,,,,
3,c1,2,What decisions were made?,tfidf,extractive_fallback,"For the question 'What decisions were made?', the retrieved evidence suggests: Speaker G said: If we keep the stack simple, we can focus on the analysis. Speaker C said: Let’s make the pipeline reproducible with fixed seeds and configs. It might feel like extra work now, but it saves time during analysis. Speaker B said: I'm not sure but, i agree. We should build a baseline before adding any improvements. Speaker G said: If we keep the stack simple, we can focus on the analysis. Speaker C said: I'm not fully convinced yet. If we keep it simple, we can run more experiments and comparisons. We can validate it quickly with a small pilot before we scale it up.",,,,,
4,c1,3,What concerns were raised?,tfidf,extractive_fallback,"For the question 'What concerns were raised?', the retrieved evidence suggests: Speaker G said: If we keep the stack simple, we can focus on the analysis. Speaker C said: Let’s make the pipeline reproducible with fixed seeds and configs. It might feel like extra work now, but it saves time during analysis. Speaker B said: I'm not sure but, i agree. We should build a baseline before adding any improvements. Speaker G said: If we keep the stack simple, we can focus on the analysis. Speaker C said: I'm not fully convinced yet. If we keep it simple, we can run more experiments and comparisons. We can validate it quickly with a small pilot before we scale it up.",,,,,
5,c1,4,What is the recommended approach?,tfidf,extractive_fallback,"For the question 'What is the recommended approach?', the retrieved evidence suggests: Speaker G said: If we keep the stack simple, we can focus on the analysis. Speaker C said: Let’s make the pipeline reproducible with fixed seeds and configs. It might feel like extra work now, but it saves time during analysis. Speaker B said: I'm not sure but, i agree. We should build a baseline before adding any improvements. Speaker G said: If we keep the stack simple, we can focus on the analysis. Speaker C said: I'm not fully convinced yet. If we keep it simple, we can run more experiments and comparisons. We can validate it quickly with a small pilot before we scale it up.",,,,,
6,c10,0,What is the main topic of discussion?,tfidf,extractive_fallback,"For the question 'What is the main topic of discussion?', the retrieved evidence suggests: Speaker B said: Maybe, let’s pick one main question and avoid building extra features. Speaker E said: Just to check: Let’s pick one main question and avoid building extra features? Speaker F said: Let’s pick one main question and avoid building extra features. if you don't mind. Speaker G said: If we overbuild, we’ll have less time for evaluation and writing. Speaker D said: I'm not fully convinced yet.",,,,,
7,c10,1,What are the key points being discussed?,tfidf,extractive_fallback,"For the question 'What are the key points being discussed?', the retrieved evidence suggests: Speaker B said: I'm not sure but, if we finish the prototype early, we’ll have time to run the user study. Speaker G said: If we overbuild, we’ll have less time for evaluation and writing. Speaker D said: I'm not fully convinced yet. Speaker D said: Let’s define a small set of standard questions to ask the system. Speaker D said: We should include robustness checks by changing retrieval settings.",,,,,
8,c10,2,What decisions were made?,tfidf,extractive_fallback,"For the question 'What decisions were made?', the retrieved evidence suggests: Speaker B said: I'm not sure but, if we finish the prototype early, we’ll have time to run the user study. Speaker G said: If we overbuild, we’ll have less time for evaluation and writing. Speaker D said: I'm not fully convinced yet. Speaker D said: Let’s define a small set of standard questions to ask the system. Speaker D said: We should include robustness checks by changing retrieval settings.",,,,,
9,c10,3,What concerns were raised?,tfidf,extractive_fallback,"For the question 'What concerns were raised?', the retrieved evidence suggests: Speaker B said: I'm not sure but, if we finish the prototype early, we’ll have time to run the user study. Speaker G said: If we overbuild, we’ll have less time for evaluation and writing. Speaker D said: I'm not fully convinced yet. Speaker D said: Let’s define a small set of standard questions to ask the system. Speaker D said: We should include robustness checks by changing retrieval settings.",,,,,
10,c10,4,What is the recommended approach?,tfidf,extractive_fallback,"For the question 'What is the recommended approach?', the retrieved evidence suggests: Speaker B said: I'm not sure but, if we finish the prototype early, we’ll have time to run the user study. Speaker G said: If we overbuild, we’ll have less time for evaluation and writing. Speaker D said: I'm not fully convinced yet. Speaker D said: Let’s define a small set of standard questions to ask the system. Speaker D said: We should include robustness checks by changing retrieval settings.",,,,,
11,c11,0,What is the main topic of discussion?,tfidf,extractive_fallback,"For the question 'What is the main topic of discussion?', the retrieved evidence suggests: Speaker F said: Let’s pick one main question and avoid building extra features. thanks. Speaker A said: I propose let’s pick one main question and avoid building extra features. Speaker B said: Maybe, let’s pick one main question and avoid building extra features. Speaker F said: Let’s pick one main question and avoid building extra features. appreciate it. Speaker C said: Let’s pick one main question and avoid building extra features. This also gives us something concrete to show in the proposal and final report.",,,,,
12,c11,1,What are the key points being discussed?,tfidf,extractive_fallback,"For the question 'What are the key points being discussed?', the retrieved evidence suggests: Speaker F said: If you don't mind, for sure, if we finish the prototype early, we’ll have time to run the user study. Speaker A said: The best option is if we finish the prototype early, we’ll have time to run the user study. Speaker F said: Thanks, let’s set weekly milestones: data, prototype, analysis, study, writing. Speaker F said: I agree. We can simulate group chats so we control ground truth and avoid privacy issues. please. Speaker B said: I feel like, we should store everything in a clean CSV with speaker IDs and timestamps.",,,,,
13,c11,2,What decisions were made?,tfidf,extractive_fallback,"For the question 'What decisions were made?', the retrieved evidence suggests: Speaker F said: If you don't mind, for sure, if we finish the prototype early, we’ll have time to run the user study. Speaker A said: The best option is if we finish the prototype early, we’ll have time to run the user study. Speaker F said: Thanks, let’s set weekly milestones: data, prototype, analysis, study, writing. Speaker F said: I agree. We can simulate group chats so we control ground truth and avoid privacy issues. please. Speaker B said: I feel like, we should store everything in a clean CSV with speaker IDs and timestamps.",,,,,
14,c11,3,What concerns were raised?,tfidf,extractive_fallback,"For the question 'What concerns were raised?', the retrieved evidence suggests: Speaker F said: If you don't mind, for sure, if we finish the prototype early, we’ll have time to run the user study. Speaker A said: The best option is if we finish the prototype early, we’ll have time to run the user study. Speaker F said: Thanks, let’s set weekly milestones: data, prototype, analysis, study, writing. Speaker F said: I agree. We can simulate group chats so we control ground truth and avoid privacy issues. please. Speaker B said: I feel like, we should store everything in a clean CSV with speaker IDs and timestamps.",,,,,
15,c11,4,What is the recommended approach?,tfidf,extractive_fallback,"For the question 'What is the recommended approach?', the retrieved evidence suggests: Speaker F said: If you don't mind, for sure, if we finish the prototype early, we’ll have time to run the user study. Speaker A said: The best option is if we finish the prototype early, we’ll have time to run the user study. Speaker F said: Thanks, let’s set weekly milestones: data, prototype, analysis, study, writing. Speaker F said: I agree. We can simulate group chats so we control ground truth and avoid privacy issues. please. Speaker B said: I feel like, we should store everything in a clean CSV with speaker IDs and timestamps.",,,,,
16,c12,0,What is the main topic of discussion?,tfidf,extractive_fallback,"For the question 'What is the main topic of discussion?', the retrieved evidence suggests: Speaker B said: Team: let's discuss study design discussion and get aligned before we split tasks. Speaker G said: We should randomize which conversation they see to avoid learning effects. Speaker E said: Just to check: We should track agreement across participants to see if the effect is consistent? Speaker G said: Readers may think the most-retrieved speaker is the leader, even if they weren’t. Speaker C said: For the user study, we can ask who seems most knowledgeable or influential. If we write this down as a checklist, we can avoid back-and-forth later.",,,,,
17,c12,1,What are the key points being discussed?,tfidf,extractive_fallback,"For the question 'What are the key points being discussed?', the retrieved evidence suggests: Speaker C said: We should compute style metrics: verbosity, hedging rate, assertiveness rate. We can validate it quickly with a small pilot before we scale it up. Speaker G said: We should randomize which conversation they see to avoid learning effects. Speaker E said: Just to check: We should track agreement across participants to see if the effect is consistent? Speaker G said: Readers may think the most-retrieved speaker is the leader, even if they weren’t. Speaker C said: For the user study, we can ask who seems most knowledgeable or influential. If we write this down as a checklist, we can avoid back-and-forth later.",,,,,
18,c12,2,What decisions were made?,tfidf,extractive_fallback,"For the question 'What decisions were made?', the retrieved evidence suggests: Speaker C said: We should compute style metrics: verbosity, hedging rate, assertiveness rate. We can validate it quickly with a small pilot before we scale it up. Speaker G said: We should randomize which conversation they see to avoid learning effects. Speaker E said: Just to check: We should track agreement across participants to see if the effect is consistent? Speaker G said: Readers may think the most-retrieved speaker is the leader, even if they weren’t. Speaker C said: For the user study, we can ask who seems most knowledgeable or influential. If we write this down as a checklist, we can avoid back-and-forth later.",,,,,
19,c12,3,What concerns were raised?,tfidf,extractive_fallback,"For the question 'What concerns were raised?', the retrieved evidence suggests: Speaker C said: We should compute style metrics: verbosity, hedging rate, assertiveness rate. We can validate it quickly with a small pilot before we scale it up. Speaker G said: We should randomize which conversation they see to avoid learning effects. Speaker E said: Just to check: We should track agreement across participants to see if the effect is consistent? Speaker G said: Readers may think the most-retrieved speaker is the leader, even if they weren’t. Speaker C said: For the user study, we can ask who seems most knowledgeable or influential. If we write this down as a checklist, we can avoid back-and-forth later.",,,,,
20,c12,4,What is the recommended approach?,tfidf,extractive_fallback,"For the question 'What is the recommended approach?', the retrieved evidence suggests: Speaker C said: We should compute style metrics: verbosity, hedging rate, assertiveness rate. We can validate it quickly with a small pilot before we scale it up. Speaker G said: We should randomize which conversation they see to avoid learning effects. Speaker E said: Just to check: We should track agreement across participants to see if the effect is consistent? Speaker G said: Readers may think the most-retrieved speaker is the leader, even if they weren’t. Speaker C said: For the user study, we can ask who seems most knowledgeable or influential. If we write this down as a checklist, we can avoid back-and-forth later.",,,,,
21,c13,0,What is the main topic of discussion?,tfidf,extractive_fallback,"For the question 'What is the main topic of discussion?', the retrieved evidence suggests: Speaker F said: Could we, let’s pick one main question and avoid building extra features. Speaker G said: I agree. Let’s pick one main question and avoid building extra features. Speaker A said: Let's let’s pick one main question and avoid building extra features. Speaker A said: We should i'm not fully convinced yet. Let’s pick one main question and avoid building extra features. Speaker A said: I propose i agree. Let’s pick one main question and avoid building extra features.",,,,,
22,c13,1,What are the key points being discussed?,tfidf,extractive_fallback,"For the question 'What are the key points being discussed?', the retrieved evidence suggests: Speaker C said: Let’s decide how many conversations and messages we need for signal. This also gives us something concrete to show in the proposal and final report. Speaker F said: We should measure who gets retrieved compared to who actually contributed. please. Speaker G said: If we overbuild, we’ll have less time for evaluation and writing. Speaker C said: We can simulate group chats so we control ground truth and avoid privacy issues. This also gives us something concrete to show in the proposal and final report. Speaker C said: We should store everything in a clean CSV with speaker IDs and timestamps. If we write this down as a checklist, we can avoid back-and-forth later.",,,,,
23,c13,2,What decisions were made?,tfidf,extractive_fallback,"For the question 'What decisions were made?', the retrieved evidence suggests: Speaker C said: Let’s decide how many conversations and messages we need for signal. This also gives us something concrete to show in the proposal and final report. Speaker F said: We should measure who gets retrieved compared to who actually contributed. please. Speaker G said: If we overbuild, we’ll have less time for evaluation and writing. Speaker C said: We can simulate group chats so we control ground truth and avoid privacy issues. This also gives us something concrete to show in the proposal and final report. Speaker C said: We should store everything in a clean CSV with speaker IDs and timestamps. If we write this down as a checklist, we can avoid back-and-forth later.",,,,,
24,c13,3,What concerns were raised?,tfidf,extractive_fallback,"For the question 'What concerns were raised?', the retrieved evidence suggests: Speaker C said: Let’s decide how many conversations and messages we need for signal. This also gives us something concrete to show in the proposal and final report. Speaker F said: We should measure who gets retrieved compared to who actually contributed. please. Speaker G said: If we overbuild, we’ll have less time for evaluation and writing. Speaker C said: We can simulate group chats so we control ground truth and avoid privacy issues. This also gives us something concrete to show in the proposal and final report. Speaker C said: We should store everything in a clean CSV with speaker IDs and timestamps. If we write this down as a checklist, we can avoid back-and-forth later.",,,,,
25,c13,4,What is the recommended approach?,tfidf,extractive_fallback,"For the question 'What is the recommended approach?', the retrieved evidence suggests: Speaker C said: Let’s decide how many conversations and messages we need for signal. This also gives us something concrete to show in the proposal and final report. Speaker F said: We should measure who gets retrieved compared to who actually contributed. please. Speaker G said: If we overbuild, we’ll have less time for evaluation and writing. Speaker C said: We can simulate group chats so we control ground truth and avoid privacy issues. This also gives us something concrete to show in the proposal and final report. Speaker C said: We should store everything in a clean CSV with speaker IDs and timestamps. If we write this down as a checklist, we can avoid back-and-forth later.",,,,,
26,c14,0,What is the main topic of discussion?,tfidf,extractive_fallback,"For the question 'What is the main topic of discussion?', the retrieved evidence suggests: Speaker D said: Let’s pick one main question and avoid building extra features. Speaker A said: I recommend let’s pick one main question and avoid building extra features. Speaker D said: Honestly, let’s pick one main question and avoid building extra features. Speaker C said: Let’s pick one main question and avoid building extra features. It might feel like extra work now, but it saves time during analysis. Speaker A said: Let's we should store everything in a clean CSV with speaker IDs and timestamps.",,,,,
27,c14,1,What are the key points being discussed?,tfidf,extractive_fallback,"For the question 'What are the key points being discussed?', the retrieved evidence suggests: Speaker D said: Honestly, let’s pick one main question and avoid building extra features. Speaker B said: I think, to be clear, we should measure who gets retrieved compared to who actually contributed. Speaker C said: Let’s define a small set of standard questions to ask the system. This also gives us something concrete to show in the proposal and final report. Speaker B said: Possibly, let’s define a small set of standard questions to ask the system. Speaker A said: Let's let’s set weekly milestones: data, prototype, analysis, study, writing.",,,,,
28,c14,2,What decisions were made?,tfidf,extractive_fallback,"For the question 'What decisions were made?', the retrieved evidence suggests: Speaker D said: Honestly, let’s pick one main question and avoid building extra features. Speaker B said: I think, to be clear, we should measure who gets retrieved compared to who actually contributed. Speaker C said: Let’s define a small set of standard questions to ask the system. This also gives us something concrete to show in the proposal and final report. Speaker B said: Possibly, let’s define a small set of standard questions to ask the system. Speaker A said: Let's let’s set weekly milestones: data, prototype, analysis, study, writing.",,,,,
29,c14,3,What concerns were raised?,tfidf,extractive_fallback,"For the question 'What concerns were raised?', the retrieved evidence suggests: Speaker D said: Honestly, let’s pick one main question and avoid building extra features. Speaker B said: I think, to be clear, we should measure who gets retrieved compared to who actually contributed. Speaker C said: Let’s define a small set of standard questions to ask the system. This also gives us something concrete to show in the proposal and final report. Speaker B said: Possibly, let’s define a small set of standard questions to ask the system. Speaker A said: Let's let’s set weekly milestones: data, prototype, analysis, study, writing.",,,,,
30,c14,4,What is the recommended approach?,tfidf,extractive_fallback,"For the question 'What is the recommended approach?', the retrieved evidence suggests: Speaker D said: Honestly, let’s pick one main question and avoid building extra features. Speaker B said: I think, to be clear, we should measure who gets retrieved compared to who actually contributed. Speaker C said: Let’s define a small set of standard questions to ask the system. This also gives us something concrete to show in the proposal and final report. Speaker B said: Possibly, let’s define a small set of standard questions to ask the system. Speaker A said: Let's let’s set weekly milestones: data, prototype, analysis, study, writing.",,,,,
31,c15,0,What is the main topic of discussion?,tfidf,extractive_fallback,"For the question 'What is the main topic of discussion?', the retrieved evidence suggests: Speaker F said: Team: let's discuss study design discussion and get aligned before we split tasks. Speaker G said: We can compute retrieval share per speaker and compare it to participation share. Speaker E said: Before we move on: I agree. We can keep it lightweight with a Google Form and short tasks? Speaker G said: For the user study, we can ask who seems most knowledgeable or influential. Speaker F said: If you don't mind, i suspect verbose speakers will be retrieved more often just because they contain more keywords.",,,,,
32,c15,1,What are the key points being discussed?,tfidf,extractive_fallback,"For the question 'What are the key points being discussed?', the retrieved evidence suggests: Speaker A said: The best option is we should track agreement across participants to see if the effect is consistent. Speaker G said: We can compute retrieval share per speaker and compare it to participation share. Speaker E said: Before we move on: I agree. We can keep it lightweight with a Google Form and short tasks? Speaker G said: For the user study, we can ask who seems most knowledgeable or influential. Speaker F said: If you don't mind, i suspect verbose speakers will be retrieved more often just because they contain more keywords.",,,,,
33,c15,2,What decisions were made?,tfidf,extractive_fallback,"For the question 'What decisions were made?', the retrieved evidence suggests: Speaker A said: The best option is we should track agreement across participants to see if the effect is consistent. Speaker G said: We can compute retrieval share per speaker and compare it to participation share. Speaker E said: Before we move on: I agree. We can keep it lightweight with a Google Form and short tasks? Speaker G said: For the user study, we can ask who seems most knowledgeable or influential. Speaker F said: If you don't mind, i suspect verbose speakers will be retrieved more often just because they contain more keywords.",,,,,
34,c15,3,What concerns were raised?,tfidf,extractive_fallback,"For the question 'What concerns were raised?', the retrieved evidence suggests: Speaker A said: The best option is we should track agreement across participants to see if the effect is consistent. Speaker G said: We can compute retrieval share per speaker and compare it to participation share. Speaker E said: Before we move on: I agree. We can keep it lightweight with a Google Form and short tasks? Speaker G said: For the user study, we can ask who seems most knowledgeable or influential. Speaker F said: If you don't mind, i suspect verbose speakers will be retrieved more often just because they contain more keywords.",,,,,
35,c15,4,What is the recommended approach?,tfidf,extractive_fallback,"For the question 'What is the recommended approach?', the retrieved evidence suggests: Speaker A said: The best option is we should track agreement across participants to see if the effect is consistent. Speaker G said: We can compute retrieval share per speaker and compare it to participation share. Speaker E said: Before we move on: I agree. We can keep it lightweight with a Google Form and short tasks? Speaker G said: For the user study, we can ask who seems most knowledgeable or influential. Speaker F said: If you don't mind, i suspect verbose speakers will be retrieved more often just because they contain more keywords.",,,,,
36,c16,0,What is the main topic of discussion?,tfidf,extractive_fallback,"For the question 'What is the main topic of discussion?', the retrieved evidence suggests: Speaker G said: Let’s pick one main question and avoid building extra features. Speaker D said: Let’s pick one main question and avoid building extra features. Speaker G said: I agree. Let’s pick one main question and avoid building extra features. Speaker A said: We need to let’s pick one main question and avoid building extra features. Speaker A said: I recommend let’s pick one main question and avoid building extra features.",,,,,
37,c16,1,What are the key points being discussed?,tfidf,extractive_fallback,"For the question 'What are the key points being discussed?', the retrieved evidence suggests: Speaker G said: Let’s define a small set of standard questions to ask the system. Speaker F said: Could we, we should measure who gets retrieved compared to who actually contributed. Speaker A said: I recommend let’s pick one main question and avoid building extra features. Speaker A said: I recommend let’s set weekly milestones: data, prototype, analysis, study, writing. Speaker A said: I recommend we should decide what success looks like by the end of the semester.",,,,,
38,c16,2,What decisions were made?,tfidf,extractive_fallback,"For the question 'What decisions were made?', the retrieved evidence suggests: Speaker G said: Let’s define a small set of standard questions to ask the system. Speaker F said: Could we, we should measure who gets retrieved compared to who actually contributed. Speaker A said: I recommend let’s pick one main question and avoid building extra features. Speaker A said: I recommend let’s set weekly milestones: data, prototype, analysis, study, writing. Speaker A said: I recommend we should decide what success looks like by the end of the semester.",,,,,
39,c16,3,What concerns were raised?,tfidf,extractive_fallback,"For the question 'What concerns were raised?', the retrieved evidence suggests: Speaker G said: Let’s define a small set of standard questions to ask the system. Speaker F said: Could we, we should measure who gets retrieved compared to who actually contributed. Speaker A said: I recommend let’s pick one main question and avoid building extra features. Speaker A said: I recommend let’s set weekly milestones: data, prototype, analysis, study, writing. Speaker A said: I recommend we should decide what success looks like by the end of the semester.",,,,,
40,c16,4,What is the recommended approach?,tfidf,extractive_fallback,"For the question 'What is the recommended approach?', the retrieved evidence suggests: Speaker G said: Let’s define a small set of standard questions to ask the system. Speaker F said: Could we, we should measure who gets retrieved compared to who actually contributed. Speaker A said: I recommend let’s pick one main question and avoid building extra features. Speaker A said: I recommend let’s set weekly milestones: data, prototype, analysis, study, writing. Speaker A said: I recommend we should decide what success looks like by the end of the semester.",,,,,
41,c17,0,What is the main topic of discussion?,tfidf,extractive_fallback,"For the question 'What is the main topic of discussion?', the retrieved evidence suggests: Speaker B said: I feel like, let’s pick one main question and avoid building extra features. Speaker B said: I feel like, let’s pick one main question and avoid building extra features. Speaker F said: Let’s pick one main question and avoid building extra features. if you don't mind. Speaker E said: Quick question: Let’s pick one main question and avoid building extra features? Speaker D said: We also need a human study to see if summaries change perception.",,,,,
42,c17,1,What are the key points being discussed?,tfidf,extractive_fallback,"For the question 'What are the key points being discussed?', the retrieved evidence suggests: Speaker D said: We also need a human study to see if summaries change perception. Speaker E said: Before we move on: We can simulate group chats so we control ground truth and avoid privacy issues? Speaker B said: Possibly, i'm not fully convinced yet. Let’s decide how many conversations and messages we need for signal. Speaker D said: To be clear, we should measure who gets retrieved compared to who actually contributed. Speaker B said: It seems like, we need to keep the project focused so we can finish in time.",,,,,
43,c17,2,What decisions were made?,tfidf,extractive_fallback,"For the question 'What decisions were made?', the retrieved evidence suggests: Speaker D said: We also need a human study to see if summaries change perception. Speaker E said: Before we move on: We can simulate group chats so we control ground truth and avoid privacy issues? Speaker B said: Possibly, i'm not fully convinced yet. Let’s decide how many conversations and messages we need for signal. Speaker D said: To be clear, we should measure who gets retrieved compared to who actually contributed. Speaker B said: It seems like, we need to keep the project focused so we can finish in time.",,,,,
44,c17,3,What concerns were raised?,tfidf,extractive_fallback,"For the question 'What concerns were raised?', the retrieved evidence suggests: Speaker D said: We also need a human study to see if summaries change perception. Speaker E said: Before we move on: We can simulate group chats so we control ground truth and avoid privacy issues? Speaker B said: Possibly, i'm not fully convinced yet. Let’s decide how many conversations and messages we need for signal. Speaker D said: To be clear, we should measure who gets retrieved compared to who actually contributed. Speaker B said: It seems like, we need to keep the project focused so we can finish in time.",,,,,
45,c17,4,What is the recommended approach?,tfidf,extractive_fallback,"For the question 'What is the recommended approach?', the retrieved evidence suggests: Speaker D said: We also need a human study to see if summaries change perception. Speaker E said: Before we move on: We can simulate group chats so we control ground truth and avoid privacy issues? Speaker B said: Possibly, i'm not fully convinced yet. Let’s decide how many conversations and messages we need for signal. Speaker D said: To be clear, we should measure who gets retrieved compared to who actually contributed. Speaker B said: It seems like, we need to keep the project focused so we can finish in time.",,,,,
46,c18,0,What is the main topic of discussion?,tfidf,extractive_fallback,"For the question 'What is the main topic of discussion?', the retrieved evidence suggests: Speaker D said: A minimal system plus strong evaluation is probably the best strategy. Speaker B said: Kind of, if we keep it simple, we can run more experiments and comparisons. Speaker G said: A minimal system plus strong evaluation is probably the best strategy. Speaker G said: For sure, we could compare two setups to see if results are robust. Speaker E said: Just to check: In my view, if we keep the stack simple, we can focus on the analysis?",,,,,
47,c18,1,What are the key points being discussed?,tfidf,extractive_fallback,"For the question 'What are the key points being discussed?', the retrieved evidence suggests: Speaker D said: A minimal system plus strong evaluation is probably the best strategy. Speaker B said: Kind of, if we keep it simple, we can run more experiments and comparisons. Speaker G said: A minimal system plus strong evaluation is probably the best strategy. Speaker G said: For sure, we could compare two setups to see if results are robust. Speaker E said: Just to check: In my view, if we keep the stack simple, we can focus on the analysis?",,,,,
48,c18,2,What decisions were made?,tfidf,extractive_fallback,"For the question 'What decisions were made?', the retrieved evidence suggests: Speaker D said: A minimal system plus strong evaluation is probably the best strategy. Speaker B said: Kind of, if we keep it simple, we can run more experiments and comparisons. Speaker G said: A minimal system plus strong evaluation is probably the best strategy. Speaker G said: For sure, we could compare two setups to see if results are robust. Speaker E said: Just to check: In my view, if we keep the stack simple, we can focus on the analysis?",,,,,
49,c18,3,What concerns were raised?,tfidf,extractive_fallback,"For the question 'What concerns were raised?', the retrieved evidence suggests: Speaker D said: A minimal system plus strong evaluation is probably the best strategy. Speaker B said: Kind of, if we keep it simple, we can run more experiments and comparisons. Speaker G said: A minimal system plus strong evaluation is probably the best strategy. Speaker G said: For sure, we could compare two setups to see if results are robust. Speaker E said: Just to check: In my view, if we keep the stack simple, we can focus on the analysis?",,,,,
50,c18,4,What is the recommended approach?,tfidf,extractive_fallback,"For the question 'What is the recommended approach?', the retrieved evidence suggests: Speaker D said: A minimal system plus strong evaluation is probably the best strategy. Speaker B said: Kind of, if we keep it simple, we can run more experiments and comparisons. Speaker G said: A minimal system plus strong evaluation is probably the best strategy. Speaker G said: For sure, we could compare two setups to see if results are robust. Speaker E said: Just to check: In my view, if we keep the stack simple, we can focus on the analysis?",,,,,
51,c19,0,What is the main topic of discussion?,tfidf,extractive_fallback,"For the question 'What is the main topic of discussion?', the retrieved evidence suggests: Speaker G said: Can someone summarize today’s discussion in a few bullets? Speaker B said: Possibly, can someone summarize today’s discussion in a few bullets? Speaker E said: Quick question: The main decision is which project idea we commit to? Speaker A said: I propose i agree. Can someone summarize today’s discussion in a few bullets? Speaker A said: The best option is the main decision is which project idea we commit to.",,,,,
52,c19,1,What are the key points being discussed?,tfidf,extractive_fallback,"For the question 'What are the key points being discussed?', the retrieved evidence suggests: Speaker A said: The best option is let’s restate what we agreed on before we end the meeting. Speaker B said: I think, in my view, we should write down the final scope so everyone is aligned. Speaker B said: Kind of, we should create a shared doc with open questions and next steps. Speaker G said: Let’s assign owners and deadlines for each task. Speaker A said: The best option is the main decision is which project idea we commit to.",,,,,
53,c19,2,What decisions were made?,tfidf,extractive_fallback,"For the question 'What decisions were made?', the retrieved evidence suggests: Speaker A said: The best option is let’s restate what we agreed on before we end the meeting. Speaker B said: I think, in my view, we should write down the final scope so everyone is aligned. Speaker B said: Kind of, we should create a shared doc with open questions and next steps. Speaker G said: Let’s assign owners and deadlines for each task. Speaker A said: The best option is the main decision is which project idea we commit to.",,,,,
54,c19,3,What concerns were raised?,tfidf,extractive_fallback,"For the question 'What concerns were raised?', the retrieved evidence suggests: Speaker A said: The best option is let’s restate what we agreed on before we end the meeting. Speaker B said: I think, in my view, we should write down the final scope so everyone is aligned. Speaker B said: Kind of, we should create a shared doc with open questions and next steps. Speaker G said: Let’s assign owners and deadlines for each task. Speaker A said: The best option is the main decision is which project idea we commit to.",,,,,
55,c19,4,What is the recommended approach?,tfidf,extractive_fallback,"For the question 'What is the recommended approach?', the retrieved evidence suggests: Speaker A said: The best option is let’s restate what we agreed on before we end the meeting. Speaker B said: I think, in my view, we should write down the final scope so everyone is aligned. Speaker B said: Kind of, we should create a shared doc with open questions and next steps. Speaker G said: Let’s assign owners and deadlines for each task. Speaker A said: The best option is the main decision is which project idea we commit to.",,,,,
56,c2,0,What is the main topic of discussion?,tfidf,extractive_fallback,"For the question 'What is the main topic of discussion?', the retrieved evidence suggests: Speaker E said: Team: let's discuss study design discussion and get aligned before we split tasks. Speaker E said: Just to check: We can show participants a short system-generated summary and ask perception questions? Speaker A said: Let's i'm not fully convinced yet. We should compute style metrics: verbosity, hedging rate, assertiveness rate. Speaker F said: Thanks, readers may think the most-retrieved speaker is the leader, even if they weren’t. Speaker A said: Let's i suspect verbose speakers will be retrieved more often just because they contain more keywords.",,,,,
57,c2,1,What are the key points being discussed?,tfidf,extractive_fallback,"For the question 'What are the key points being discussed?', the retrieved evidence suggests: Speaker F said: Readers may think the most-retrieved speaker is the leader, even if they weren’t. appreciate it. Speaker E said: Just to check: We can show participants a short system-generated summary and ask perception questions? Speaker A said: Let's i'm not fully convinced yet. We should compute style metrics: verbosity, hedging rate, assertiveness rate. Speaker F said: Thanks, readers may think the most-retrieved speaker is the leader, even if they weren’t. Speaker A said: Let's i suspect verbose speakers will be retrieved more often just because they contain more keywords.",,,,,
58,c2,2,What decisions were made?,tfidf,extractive_fallback,"For the question 'What decisions were made?', the retrieved evidence suggests: Speaker F said: Readers may think the most-retrieved speaker is the leader, even if they weren’t. appreciate it. Speaker E said: Just to check: We can show participants a short system-generated summary and ask perception questions? Speaker A said: Let's i'm not fully convinced yet. We should compute style metrics: verbosity, hedging rate, assertiveness rate. Speaker F said: Thanks, readers may think the most-retrieved speaker is the leader, even if they weren’t. Speaker A said: Let's i suspect verbose speakers will be retrieved more often just because they contain more keywords.",,,,,
59,c2,3,What concerns were raised?,tfidf,extractive_fallback,"For the question 'What concerns were raised?', the retrieved evidence suggests: Speaker F said: Readers may think the most-retrieved speaker is the leader, even if they weren’t. appreciate it. Speaker E said: Just to check: We can show participants a short system-generated summary and ask perception questions? Speaker A said: Let's i'm not fully convinced yet. We should compute style metrics: verbosity, hedging rate, assertiveness rate. Speaker F said: Thanks, readers may think the most-retrieved speaker is the leader, even if they weren’t. Speaker A said: Let's i suspect verbose speakers will be retrieved more often just because they contain more keywords.",,,,,
60,c2,4,What is the recommended approach?,tfidf,extractive_fallback,"For the question 'What is the recommended approach?', the retrieved evidence suggests: Speaker F said: Readers may think the most-retrieved speaker is the leader, even if they weren’t. appreciate it. Speaker E said: Just to check: We can show participants a short system-generated summary and ask perception questions? Speaker A said: Let's i'm not fully convinced yet. We should compute style metrics: verbosity, hedging rate, assertiveness rate. Speaker F said: Thanks, readers may think the most-retrieved speaker is the leader, even if they weren’t. Speaker A said: Let's i suspect verbose speakers will be retrieved more often just because they contain more keywords.",,,,,
61,c20,0,What is the main topic of discussion?,tfidf,extractive_fallback,"For the question 'What is the main topic of discussion?', the retrieved evidence suggests: Speaker G said: Team: let's discuss study design discussion and get aligned before we split tasks. Speaker D said: Readers may think the most-retrieved speaker is the leader, even if they weren’t. Speaker G said: I suspect verbose speakers will be retrieved more often just because they contain more keywords. Speaker B said: I'm not sure but, we can compute retrieval share per speaker and compare it to participation share. Speaker D said: I'm not fully convinced yet.",,,,,
62,c20,1,What are the key points being discussed?,tfidf,extractive_fallback,"For the question 'What are the key points being discussed?', the retrieved evidence suggests: Speaker C said: I suspect verbose speakers will be retrieved more often just because they contain more keywords. If we write this down as a checklist, we can avoid back-and-forth later. Speaker D said: Readers may think the most-retrieved speaker is the leader, even if they weren’t. Speaker G said: I suspect verbose speakers will be retrieved more often just because they contain more keywords. Speaker B said: I'm not sure but, we can compute retrieval share per speaker and compare it to participation share. Speaker D said: I'm not fully convinced yet.",,,,,
63,c20,2,What decisions were made?,tfidf,extractive_fallback,"For the question 'What decisions were made?', the retrieved evidence suggests: Speaker C said: I suspect verbose speakers will be retrieved more often just because they contain more keywords. If we write this down as a checklist, we can avoid back-and-forth later. Speaker D said: Readers may think the most-retrieved speaker is the leader, even if they weren’t. Speaker G said: I suspect verbose speakers will be retrieved more often just because they contain more keywords. Speaker B said: I'm not sure but, we can compute retrieval share per speaker and compare it to participation share. Speaker D said: I'm not fully convinced yet.",,,,,
64,c20,3,What concerns were raised?,tfidf,extractive_fallback,"For the question 'What concerns were raised?', the retrieved evidence suggests: Speaker C said: I suspect verbose speakers will be retrieved more often just because they contain more keywords. If we write this down as a checklist, we can avoid back-and-forth later. Speaker D said: Readers may think the most-retrieved speaker is the leader, even if they weren’t. Speaker G said: I suspect verbose speakers will be retrieved more often just because they contain more keywords. Speaker B said: I'm not sure but, we can compute retrieval share per speaker and compare it to participation share. Speaker D said: I'm not fully convinced yet.",,,,,
65,c20,4,What is the recommended approach?,tfidf,extractive_fallback,"For the question 'What is the recommended approach?', the retrieved evidence suggests: Speaker C said: I suspect verbose speakers will be retrieved more often just because they contain more keywords. If we write this down as a checklist, we can avoid back-and-forth later. Speaker D said: Readers may think the most-retrieved speaker is the leader, even if they weren’t. Speaker G said: I suspect verbose speakers will be retrieved more often just because they contain more keywords. Speaker B said: I'm not sure but, we can compute retrieval share per speaker and compare it to participation share. Speaker D said: I'm not fully convinced yet.",,,,,
66,c21,0,What is the main topic of discussion?,tfidf,extractive_fallback,"For the question 'What is the main topic of discussion?', the retrieved evidence suggests: Speaker D said: Team: let's discuss study design discussion and get aligned before we split tasks. Speaker E said: Quick question: Definitely, we should collect demographics lightly, if allowed, but keep it minimal? Speaker C said: We should track agreement across participants to see if the effect is consistent. It might feel like extra work now, but it saves time during analysis. Speaker E said: Quick question: We can show participants a short system-generated summary and ask perception questions? Speaker C said: I'm not fully convinced yet. If retrieval is skewed, summaries may systematically misrepresent the group. We can validate it quickly with a small pilot before we scale it up.",,,,,
67,c21,1,What are the key points being discussed?,tfidf,extractive_fallback,"For the question 'What are the key points being discussed?', the retrieved evidence suggests: Speaker A said: I recommend i agree. If retrieval is skewed, summaries may systematically misrepresent the group. Speaker E said: Quick question: Definitely, we should collect demographics lightly, if allowed, but keep it minimal? Speaker C said: We should track agreement across participants to see if the effect is consistent. It might feel like extra work now, but it saves time during analysis. Speaker E said: Quick question: We can show participants a short system-generated summary and ask perception questions? Speaker C said: I'm not fully convinced yet. If retrieval is skewed, summaries may systematically misrepresent the group. We can validate it quickly with a small pilot before we scale it up.",,,,,
68,c21,2,What decisions were made?,tfidf,extractive_fallback,"For the question 'What decisions were made?', the retrieved evidence suggests: Speaker A said: I recommend i agree. If retrieval is skewed, summaries may systematically misrepresent the group. Speaker E said: Quick question: Definitely, we should collect demographics lightly, if allowed, but keep it minimal? Speaker C said: We should track agreement across participants to see if the effect is consistent. It might feel like extra work now, but it saves time during analysis. Speaker E said: Quick question: We can show participants a short system-generated summary and ask perception questions? Speaker C said: I'm not fully convinced yet. If retrieval is skewed, summaries may systematically misrepresent the group. We can validate it quickly with a small pilot before we scale it up.",,,,,
69,c21,3,What concerns were raised?,tfidf,extractive_fallback,"For the question 'What concerns were raised?', the retrieved evidence suggests: Speaker A said: I recommend i agree. If retrieval is skewed, summaries may systematically misrepresent the group. Speaker E said: Quick question: Definitely, we should collect demographics lightly, if allowed, but keep it minimal? Speaker C said: We should track agreement across participants to see if the effect is consistent. It might feel like extra work now, but it saves time during analysis. Speaker E said: Quick question: We can show participants a short system-generated summary and ask perception questions? Speaker C said: I'm not fully convinced yet. If retrieval is skewed, summaries may systematically misrepresent the group. We can validate it quickly with a small pilot before we scale it up.",,,,,
70,c21,4,What is the recommended approach?,tfidf,extractive_fallback,"For the question 'What is the recommended approach?', the retrieved evidence suggests: Speaker A said: I recommend i agree. If retrieval is skewed, summaries may systematically misrepresent the group. Speaker E said: Quick question: Definitely, we should collect demographics lightly, if allowed, but keep it minimal? Speaker C said: We should track agreement across participants to see if the effect is consistent. It might feel like extra work now, but it saves time during analysis. Speaker E said: Quick question: We can show participants a short system-generated summary and ask perception questions? Speaker C said: I'm not fully convinced yet. If retrieval is skewed, summaries may systematically misrepresent the group. We can validate it quickly with a small pilot before we scale it up.",,,,,
71,c22,0,What is the main topic of discussion?,tfidf,extractive_fallback,"For the question 'What is the main topic of discussion?', the retrieved evidence suggests: Speaker E said: Team: let's discuss study design discussion and get aligned before we split tasks. Speaker C said: We can show participants a short system-generated summary and ask perception questions. If we write this down as a checklist, we can avoid back-and-forth later. Speaker C said: I suspect verbose speakers will be retrieved more often just because they contain more keywords. This also gives us something concrete to show in the proposal and final report. Speaker F said: I agree. Hedging language might be retrieved less because it sounds less decisive. please. Speaker F said: Could we, we should randomize which conversation they see to avoid learning effects.",,,,,
72,c22,1,What are the key points being discussed?,tfidf,extractive_fallback,"For the question 'What are the key points being discussed?', the retrieved evidence suggests: Speaker G said: Definitely, i agree. I suspect verbose speakers will be retrieved more often just because they contain more keywords. Speaker C said: We can show participants a short system-generated summary and ask perception questions. If we write this down as a checklist, we can avoid back-and-forth later. Speaker C said: I suspect verbose speakers will be retrieved more often just because they contain more keywords. This also gives us something concrete to show in the proposal and final report. Speaker F said: I agree. Hedging language might be retrieved less because it sounds less decisive. please. Speaker F said: Could we, we should randomize which conversation they see to avoid learning effects.",,,,,
73,c22,2,What decisions were made?,tfidf,extractive_fallback,"For the question 'What decisions were made?', the retrieved evidence suggests: Speaker G said: Definitely, i agree. I suspect verbose speakers will be retrieved more often just because they contain more keywords. Speaker C said: We can show participants a short system-generated summary and ask perception questions. If we write this down as a checklist, we can avoid back-and-forth later. Speaker C said: I suspect verbose speakers will be retrieved more often just because they contain more keywords. This also gives us something concrete to show in the proposal and final report. Speaker F said: I agree. Hedging language might be retrieved less because it sounds less decisive. please. Speaker F said: Could we, we should randomize which conversation they see to avoid learning effects.",,,,,
74,c22,3,What concerns were raised?,tfidf,extractive_fallback,"For the question 'What concerns were raised?', the retrieved evidence suggests: Speaker G said: Definitely, i agree. I suspect verbose speakers will be retrieved more often just because they contain more keywords. Speaker C said: We can show participants a short system-generated summary and ask perception questions. If we write this down as a checklist, we can avoid back-and-forth later. Speaker C said: I suspect verbose speakers will be retrieved more often just because they contain more keywords. This also gives us something concrete to show in the proposal and final report. Speaker F said: I agree. Hedging language might be retrieved less because it sounds less decisive. please. Speaker F said: Could we, we should randomize which conversation they see to avoid learning effects.",,,,,
75,c22,4,What is the recommended approach?,tfidf,extractive_fallback,"For the question 'What is the recommended approach?', the retrieved evidence suggests: Speaker G said: Definitely, i agree. I suspect verbose speakers will be retrieved more often just because they contain more keywords. Speaker C said: We can show participants a short system-generated summary and ask perception questions. If we write this down as a checklist, we can avoid back-and-forth later. Speaker C said: I suspect verbose speakers will be retrieved more often just because they contain more keywords. This also gives us something concrete to show in the proposal and final report. Speaker F said: I agree. Hedging language might be retrieved less because it sounds less decisive. please. Speaker F said: Could we, we should randomize which conversation they see to avoid learning effects.",,,,,
76,c23,0,What is the main topic of discussion?,tfidf,extractive_fallback,"For the question 'What is the main topic of discussion?', the retrieved evidence suggests: Speaker B said: Team: let's discuss study design discussion and get aligned before we split tasks. Speaker A said: The best option is if retrieval is skewed, summaries may systematically misrepresent the group. Speaker F said: Would you be able to, we should compute style metrics: verbosity, hedging rate, assertiveness rate. Speaker C said: Readers may think the most-retrieved speaker is the leader, even if they weren’t. If we write this down as a checklist, we can avoid back-and-forth later. Speaker B said: I feel like, hedging language might be retrieved less because it sounds less decisive.",,,,,
77,c23,1,What are the key points being discussed?,tfidf,extractive_fallback,"For the question 'What are the key points being discussed?', the retrieved evidence suggests: Speaker F said: If retrieval is skewed, summaries may systematically misrepresent the group. would you be able to. Speaker A said: The best option is if retrieval is skewed, summaries may systematically misrepresent the group. Speaker F said: Would you be able to, we should compute style metrics: verbosity, hedging rate, assertiveness rate. Speaker C said: Readers may think the most-retrieved speaker is the leader, even if they weren’t. If we write this down as a checklist, we can avoid back-and-forth later. Speaker B said: I feel like, hedging language might be retrieved less because it sounds less decisive.",,,,,
78,c23,2,What decisions were made?,tfidf,extractive_fallback,"For the question 'What decisions were made?', the retrieved evidence suggests: Speaker F said: If retrieval is skewed, summaries may systematically misrepresent the group. would you be able to. Speaker A said: The best option is if retrieval is skewed, summaries may systematically misrepresent the group. Speaker F said: Would you be able to, we should compute style metrics: verbosity, hedging rate, assertiveness rate. Speaker C said: Readers may think the most-retrieved speaker is the leader, even if they weren’t. If we write this down as a checklist, we can avoid back-and-forth later. Speaker B said: I feel like, hedging language might be retrieved less because it sounds less decisive.",,,,,
79,c23,3,What concerns were raised?,tfidf,extractive_fallback,"For the question 'What concerns were raised?', the retrieved evidence suggests: Speaker F said: If retrieval is skewed, summaries may systematically misrepresent the group. would you be able to. Speaker A said: The best option is if retrieval is skewed, summaries may systematically misrepresent the group. Speaker F said: Would you be able to, we should compute style metrics: verbosity, hedging rate, assertiveness rate. Speaker C said: Readers may think the most-retrieved speaker is the leader, even if they weren’t. If we write this down as a checklist, we can avoid back-and-forth later. Speaker B said: I feel like, hedging language might be retrieved less because it sounds less decisive.",,,,,
80,c23,4,What is the recommended approach?,tfidf,extractive_fallback,"For the question 'What is the recommended approach?', the retrieved evidence suggests: Speaker F said: If retrieval is skewed, summaries may systematically misrepresent the group. would you be able to. Speaker A said: The best option is if retrieval is skewed, summaries may systematically misrepresent the group. Speaker F said: Would you be able to, we should compute style metrics: verbosity, hedging rate, assertiveness rate. Speaker C said: Readers may think the most-retrieved speaker is the leader, even if they weren’t. If we write this down as a checklist, we can avoid back-and-forth later. Speaker B said: I feel like, hedging language might be retrieved less because it sounds less decisive.",,,,,
81,c24,0,What is the main topic of discussion?,tfidf,extractive_fallback,"For the question 'What is the main topic of discussion?', the retrieved evidence suggests: Speaker B said: I think, we should trade engineering time for better study design and write-up. Speaker E said: Just to check: We should trade engineering time for better study design and write-up? Speaker F said: Appreciate it, a minimal system plus strong evaluation is probably the best strategy. Speaker E said: Quick question: To be clear, we should log every retrieval step so we can explain results? Speaker F said: Honestly, i agree. We could compare two setups to see if results are robust. thanks.",,,,,
82,c24,1,What are the key points being discussed?,tfidf,extractive_fallback,"For the question 'What are the key points being discussed?', the retrieved evidence suggests: Speaker B said: I think, we should trade engineering time for better study design and write-up. Speaker E said: Just to check: We should trade engineering time for better study design and write-up? Speaker F said: Appreciate it, a minimal system plus strong evaluation is probably the best strategy. Speaker E said: Quick question: To be clear, we should log every retrieval step so we can explain results? Speaker F said: Honestly, i agree. We could compare two setups to see if results are robust. thanks.",,,,,
83,c24,2,What decisions were made?,tfidf,extractive_fallback,"For the question 'What decisions were made?', the retrieved evidence suggests: Speaker B said: I think, we should trade engineering time for better study design and write-up. Speaker E said: Just to check: We should trade engineering time for better study design and write-up? Speaker F said: Appreciate it, a minimal system plus strong evaluation is probably the best strategy. Speaker E said: Quick question: To be clear, we should log every retrieval step so we can explain results? Speaker F said: Honestly, i agree. We could compare two setups to see if results are robust. thanks.",,,,,
84,c24,3,What concerns were raised?,tfidf,extractive_fallback,"For the question 'What concerns were raised?', the retrieved evidence suggests: Speaker B said: I think, we should trade engineering time for better study design and write-up. Speaker E said: Just to check: We should trade engineering time for better study design and write-up? Speaker F said: Appreciate it, a minimal system plus strong evaluation is probably the best strategy. Speaker E said: Quick question: To be clear, we should log every retrieval step so we can explain results? Speaker F said: Honestly, i agree. We could compare two setups to see if results are robust. thanks.",,,,,
85,c24,4,What is the recommended approach?,tfidf,extractive_fallback,"For the question 'What is the recommended approach?', the retrieved evidence suggests: Speaker B said: I think, we should trade engineering time for better study design and write-up. Speaker E said: Just to check: We should trade engineering time for better study design and write-up? Speaker F said: Appreciate it, a minimal system plus strong evaluation is probably the best strategy. Speaker E said: Quick question: To be clear, we should log every retrieval step so we can explain results? Speaker F said: Honestly, i agree. We could compare two setups to see if results are robust. thanks.",,,,,
86,c25,0,What is the main topic of discussion?,tfidf,extractive_fallback,"For the question 'What is the main topic of discussion?', the retrieved evidence suggests: Speaker E said: Can we clarify: I'm not fully convinced yet. Let’s pick one main question and avoid building extra features? Speaker E said: Just to check: I'm not fully convinced yet. Let’s pick one main question and avoid building extra features? Speaker F said: We should decide what success looks like by the end of the semester. would you be able to. Speaker C said: If we overbuild, we’ll have less time for evaluation and writing. We can validate it quickly with a small pilot before we scale it up. Speaker C said: We should assign owners for each part so work doesn’t overlap. We can validate it quickly with a small pilot before we scale it up.",,,,,
87,c25,1,What are the key points being discussed?,tfidf,extractive_fallback,"For the question 'What are the key points being discussed?', the retrieved evidence suggests: Speaker G said: I agree. If we finish the prototype early, we’ll have time to run the user study. Speaker E said: Small question: In my view, we can simulate group chats so we control ground truth and avoid privacy issues? Speaker F said: We need to keep the project focused so we can finish in time. thanks. Speaker D said: Let’s decide how many conversations and messages we need for signal. Speaker F said: Would you be able to, let’s set weekly milestones: data, prototype, analysis, study, writing.",,,,,
88,c25,2,What decisions were made?,tfidf,extractive_fallback,"For the question 'What decisions were made?', the retrieved evidence suggests: Speaker G said: I agree. If we finish the prototype early, we’ll have time to run the user study. Speaker E said: Small question: In my view, we can simulate group chats so we control ground truth and avoid privacy issues? Speaker F said: We need to keep the project focused so we can finish in time. thanks. Speaker D said: Let’s decide how many conversations and messages we need for signal. Speaker F said: Would you be able to, let’s set weekly milestones: data, prototype, analysis, study, writing.",,,,,
89,c25,3,What concerns were raised?,tfidf,extractive_fallback,"For the question 'What concerns were raised?', the retrieved evidence suggests: Speaker G said: I agree. If we finish the prototype early, we’ll have time to run the user study. Speaker E said: Small question: In my view, we can simulate group chats so we control ground truth and avoid privacy issues? Speaker F said: We need to keep the project focused so we can finish in time. thanks. Speaker D said: Let’s decide how many conversations and messages we need for signal. Speaker F said: Would you be able to, let’s set weekly milestones: data, prototype, analysis, study, writing.",,,,,
90,c25,4,What is the recommended approach?,tfidf,extractive_fallback,"For the question 'What is the recommended approach?', the retrieved evidence suggests: Speaker G said: I agree. If we finish the prototype early, we’ll have time to run the user study. Speaker E said: Small question: In my view, we can simulate group chats so we control ground truth and avoid privacy issues? Speaker F said: We need to keep the project focused so we can finish in time. thanks. Speaker D said: Let’s decide how many conversations and messages we need for signal. Speaker F said: Would you be able to, let’s set weekly milestones: data, prototype, analysis, study, writing.",,,,,
91,c3,0,What is the main topic of discussion?,tfidf,extractive_fallback,"For the question 'What is the main topic of discussion?', the retrieved evidence suggests: Speaker B said: I think, i agree. We also need a human study to see if summaries change perception. Speaker G said: We need time near the end for polishing figures and slides. Speaker F said: Would you be able to, we should include robustness checks by changing retrieval settings. Speaker F said: Thanks, we need multi-speaker conversations where each person has a distinct style. Speaker A said: We should we need multi-speaker conversations where each person has a distinct style.",,,,,
92,c3,1,What are the key points being discussed?,tfidf,extractive_fallback,"For the question 'What are the key points being discussed?', the retrieved evidence suggests: Speaker B said: I think, i agree. We also need a human study to see if summaries change perception. Speaker G said: We need time near the end for polishing figures and slides. Speaker F said: Would you be able to, we should include robustness checks by changing retrieval settings. Speaker F said: Thanks, we need multi-speaker conversations where each person has a distinct style. Speaker A said: We should we need multi-speaker conversations where each person has a distinct style.",,,,,
93,c3,2,What decisions were made?,tfidf,extractive_fallback,"For the question 'What decisions were made?', the retrieved evidence suggests: Speaker B said: I think, i agree. We also need a human study to see if summaries change perception. Speaker G said: We need time near the end for polishing figures and slides. Speaker F said: Would you be able to, we should include robustness checks by changing retrieval settings. Speaker F said: Thanks, we need multi-speaker conversations where each person has a distinct style. Speaker A said: We should we need multi-speaker conversations where each person has a distinct style.",,,,,
94,c3,3,What concerns were raised?,tfidf,extractive_fallback,"For the question 'What concerns were raised?', the retrieved evidence suggests: Speaker B said: I think, i agree. We also need a human study to see if summaries change perception. Speaker G said: We need time near the end for polishing figures and slides. Speaker F said: Would you be able to, we should include robustness checks by changing retrieval settings. Speaker F said: Thanks, we need multi-speaker conversations where each person has a distinct style. Speaker A said: We should we need multi-speaker conversations where each person has a distinct style.",,,,,
95,c3,4,What is the recommended approach?,tfidf,extractive_fallback,"For the question 'What is the recommended approach?', the retrieved evidence suggests: Speaker B said: I think, i agree. We also need a human study to see if summaries change perception. Speaker G said: We need time near the end for polishing figures and slides. Speaker F said: Would you be able to, we should include robustness checks by changing retrieval settings. Speaker F said: Thanks, we need multi-speaker conversations where each person has a distinct style. Speaker A said: We should we need multi-speaker conversations where each person has a distinct style.",,,,,
96,c4,0,What is the main topic of discussion?,tfidf,extractive_fallback,"For the question 'What is the main topic of discussion?', the retrieved evidence suggests: Speaker G said: Can someone summarize today’s discussion in a few bullets? Speaker B said: Possibly, can someone summarize today’s discussion in a few bullets? Speaker A said: I propose can someone summarize today’s discussion in a few bullets? Speaker F said: Please, the main decision is which project idea we commit to. Speaker A said: I propose i agree. Can someone summarize today’s discussion in a few bullets?",,,,,
97,c4,1,What are the key points being discussed?,tfidf,extractive_fallback,"For the question 'What are the key points being discussed?', the retrieved evidence suggests: Speaker A said: We should action items: finalize data format, build indexing, and draft pitch. Speaker F said: Should we analyze message-level retrieval or chunk messages into windows? appreciate it. Speaker B said: I feel like, the main decision is which project idea we commit to. Speaker F said: Let’s assign owners and deadlines for each task. appreciate it. Speaker E said: Quick question: Can someone summarize today’s discussion in a few bullets??",,,,,
98,c4,2,What decisions were made?,tfidf,extractive_fallback,"For the question 'What decisions were made?', the retrieved evidence suggests: Speaker A said: We should action items: finalize data format, build indexing, and draft pitch. Speaker F said: Should we analyze message-level retrieval or chunk messages into windows? appreciate it. Speaker B said: I feel like, the main decision is which project idea we commit to. Speaker F said: Let’s assign owners and deadlines for each task. appreciate it. Speaker E said: Quick question: Can someone summarize today’s discussion in a few bullets??",,,,,
99,c4,3,What concerns were raised?,tfidf,extractive_fallback,"For the question 'What concerns were raised?', the retrieved evidence suggests: Speaker A said: We should action items: finalize data format, build indexing, and draft pitch. Speaker F said: Should we analyze message-level retrieval or chunk messages into windows? appreciate it. Speaker B said: I feel like, the main decision is which project idea we commit to. Speaker F said: Let’s assign owners and deadlines for each task. appreciate it. Speaker E said: Quick question: Can someone summarize today’s discussion in a few bullets??",,,,,
100,c4,4,What is the recommended approach?,tfidf,extractive_fallback,"For the question 'What is the recommended approach?', the retrieved evidence suggests: Speaker A said: We should action items: finalize data format, build indexing, and draft pitch. Speaker F said: Should we analyze message-level retrieval or chunk messages into windows? appreciate it. Speaker B said: I feel like, the main decision is which project idea we commit to. Speaker F said: Let’s assign owners and deadlines for each task. appreciate it. Speaker E said: Quick question: Can someone summarize today’s discussion in a few bullets??",,,,,
101,c5,0,What is the main topic of discussion?,tfidf,extractive_fallback,"For the question 'What is the main topic of discussion?', the retrieved evidence suggests: Speaker F said: Appreciate it, we could compare two setups to see if results are robust. Speaker G said: A more complex system might look impressive but could be risky. Speaker B said: Maybe, i agree. We could compare two setups to see if results are robust. Speaker A said: We should we should trade engineering time for better study design and write-up. Speaker B said: Maybe, let’s make the pipeline reproducible with fixed seeds and configs.",,,,,
102,c5,1,What are the key points being discussed?,tfidf,extractive_fallback,"For the question 'What are the key points being discussed?', the retrieved evidence suggests: Speaker F said: Appreciate it, we could compare two setups to see if results are robust. Speaker G said: A more complex system might look impressive but could be risky. Speaker B said: Maybe, i agree. We could compare two setups to see if results are robust. Speaker A said: We should we should trade engineering time for better study design and write-up. Speaker B said: Maybe, let’s make the pipeline reproducible with fixed seeds and configs.",,,,,
103,c5,2,What decisions were made?,tfidf,extractive_fallback,"For the question 'What decisions were made?', the retrieved evidence suggests: Speaker F said: Appreciate it, we could compare two setups to see if results are robust. Speaker G said: A more complex system might look impressive but could be risky. Speaker B said: Maybe, i agree. We could compare two setups to see if results are robust. Speaker A said: We should we should trade engineering time for better study design and write-up. Speaker B said: Maybe, let’s make the pipeline reproducible with fixed seeds and configs.",,,,,
104,c5,3,What concerns were raised?,tfidf,extractive_fallback,"For the question 'What concerns were raised?', the retrieved evidence suggests: Speaker F said: Appreciate it, we could compare two setups to see if results are robust. Speaker G said: A more complex system might look impressive but could be risky. Speaker B said: Maybe, i agree. We could compare two setups to see if results are robust. Speaker A said: We should we should trade engineering time for better study design and write-up. Speaker B said: Maybe, let’s make the pipeline reproducible with fixed seeds and configs.",,,,,
105,c5,4,What is the recommended approach?,tfidf,extractive_fallback,"For the question 'What is the recommended approach?', the retrieved evidence suggests: Speaker F said: Appreciate it, we could compare two setups to see if results are robust. Speaker G said: A more complex system might look impressive but could be risky. Speaker B said: Maybe, i agree. We could compare two setups to see if results are robust. Speaker A said: We should we should trade engineering time for better study design and write-up. Speaker B said: Maybe, let’s make the pipeline reproducible with fixed seeds and configs.",,,,,
106,c6,0,What is the main topic of discussion?,tfidf,extractive_fallback,"For the question 'What is the main topic of discussion?', the retrieved evidence suggests: Speaker F said: Let’s pick one main question and avoid building extra features. could we. Speaker E said: Can we clarify: I'm not fully convinced yet. Let’s pick one main question and avoid building extra features? Speaker E said: Quick question: Let’s pick one main question and avoid building extra features? Speaker C said: Let’s pick one main question and avoid building extra features. This also gives us something concrete to show in the proposal and final report. Speaker C said: I'm not fully convinced yet. Let’s pick one main question and avoid building extra features. We can validate it quickly with a small pilot before we scale it up.",,,,,
107,c6,1,What are the key points being discussed?,tfidf,extractive_fallback,"For the question 'What are the key points being discussed?', the retrieved evidence suggests: Speaker C said: We need to keep the project focused so we can finish in time. That way we can separate system behavior from human perception effects. Speaker F said: Would you be able to, we also need a human study to see if summaries change perception. Speaker C said: Let’s define a small set of standard questions to ask the system. If we write this down as a checklist, we can avoid back-and-forth later. Speaker E said: Before we move on: If we overbuild, we’ll have less time for evaluation and writing? Speaker C said: We also need a human study to see if summaries change perception. This also gives us something concrete to show in the proposal and final report.",,,,,
108,c6,2,What decisions were made?,tfidf,extractive_fallback,"For the question 'What decisions were made?', the retrieved evidence suggests: Speaker C said: We need to keep the project focused so we can finish in time. That way we can separate system behavior from human perception effects. Speaker F said: Would you be able to, we also need a human study to see if summaries change perception. Speaker C said: Let’s define a small set of standard questions to ask the system. If we write this down as a checklist, we can avoid back-and-forth later. Speaker E said: Before we move on: If we overbuild, we’ll have less time for evaluation and writing? Speaker C said: We also need a human study to see if summaries change perception. This also gives us something concrete to show in the proposal and final report.",,,,,
109,c6,3,What concerns were raised?,tfidf,extractive_fallback,"For the question 'What concerns were raised?', the retrieved evidence suggests: Speaker C said: We need to keep the project focused so we can finish in time. That way we can separate system behavior from human perception effects. Speaker F said: Would you be able to, we also need a human study to see if summaries change perception. Speaker C said: Let’s define a small set of standard questions to ask the system. If we write this down as a checklist, we can avoid back-and-forth later. Speaker E said: Before we move on: If we overbuild, we’ll have less time for evaluation and writing? Speaker C said: We also need a human study to see if summaries change perception. This also gives us something concrete to show in the proposal and final report.",,,,,
110,c6,4,What is the recommended approach?,tfidf,extractive_fallback,"For the question 'What is the recommended approach?', the retrieved evidence suggests: Speaker C said: We need to keep the project focused so we can finish in time. That way we can separate system behavior from human perception effects. Speaker F said: Would you be able to, we also need a human study to see if summaries change perception. Speaker C said: Let’s define a small set of standard questions to ask the system. If we write this down as a checklist, we can avoid back-and-forth later. Speaker E said: Before we move on: If we overbuild, we’ll have less time for evaluation and writing? Speaker C said: We also need a human study to see if summaries change perception. This also gives us something concrete to show in the proposal and final report.",,,,,
111,c7,0,What is the main topic of discussion?,tfidf,extractive_fallback,"For the question 'What is the main topic of discussion?', the retrieved evidence suggests: Speaker B said: Team: let's discuss study design discussion and get aligned before we split tasks. Speaker B said: I think, we should randomize which conversation they see to avoid learning effects. Speaker D said: I'm not fully convinced yet. Speaker B said: I feel like, i agree. If retrieval is skewed, summaries may systematically misrepresent the group. Speaker F said: We can show participants a short system-generated summary and ask perception questions. would you be able to.",,,,,
112,c7,1,What are the key points being discussed?,tfidf,extractive_fallback,"For the question 'What are the key points being discussed?', the retrieved evidence suggests: Speaker F said: Please, i'm not fully convinced yet. For the user study, we can ask who seems most knowledgeable or influential. Speaker B said: I think, we should randomize which conversation they see to avoid learning effects. Speaker D said: I'm not fully convinced yet. Speaker B said: I feel like, i agree. If retrieval is skewed, summaries may systematically misrepresent the group. Speaker F said: We can show participants a short system-generated summary and ask perception questions. would you be able to.",,,,,
113,c7,2,What decisions were made?,tfidf,extractive_fallback,"For the question 'What decisions were made?', the retrieved evidence suggests: Speaker F said: Please, i'm not fully convinced yet. For the user study, we can ask who seems most knowledgeable or influential. Speaker B said: I think, we should randomize which conversation they see to avoid learning effects. Speaker D said: I'm not fully convinced yet. Speaker B said: I feel like, i agree. If retrieval is skewed, summaries may systematically misrepresent the group. Speaker F said: We can show participants a short system-generated summary and ask perception questions. would you be able to.",,,,,
114,c7,3,What concerns were raised?,tfidf,extractive_fallback,"For the question 'What concerns were raised?', the retrieved evidence suggests: Speaker F said: Please, i'm not fully convinced yet. For the user study, we can ask who seems most knowledgeable or influential. Speaker B said: I think, we should randomize which conversation they see to avoid learning effects. Speaker D said: I'm not fully convinced yet. Speaker B said: I feel like, i agree. If retrieval is skewed, summaries may systematically misrepresent the group. Speaker F said: We can show participants a short system-generated summary and ask perception questions. would you be able to.",,,,,
115,c7,4,What is the recommended approach?,tfidf,extractive_fallback,"For the question 'What is the recommended approach?', the retrieved evidence suggests: Speaker F said: Please, i'm not fully convinced yet. For the user study, we can ask who seems most knowledgeable or influential. Speaker B said: I think, we should randomize which conversation they see to avoid learning effects. Speaker D said: I'm not fully convinced yet. Speaker B said: I feel like, i agree. If retrieval is skewed, summaries may systematically misrepresent the group. Speaker F said: We can show participants a short system-generated summary and ask perception questions. would you be able to.",,,,,
116,c8,0,What is the main topic of discussion?,tfidf,extractive_fallback,"For the question 'What is the main topic of discussion?', the retrieved evidence suggests: Speaker F said: Could we, can someone summarize today’s discussion in a few bullets? Speaker F said: Can someone summarize today’s discussion in a few bullets? please. Speaker F said: Can someone summarize today’s discussion in a few bullets? could we. Speaker G said: The main decision is which project idea we commit to. Speaker A said: Let's i agree. Can someone summarize today’s discussion in a few bullets?",,,,,
117,c8,1,What are the key points being discussed?,tfidf,extractive_fallback,"For the question 'What are the key points being discussed?', the retrieved evidence suggests: Speaker B said: It seems like, we should create a shared doc with open questions and next steps. Speaker C said: We should capture the reasoning behind the decision, not just the outcome. That way we can separate system behavior from human perception effects. Speaker B said: I'm not sure but, definitely, how do we define 'important' contributions in a fair way? Speaker F said: Action items: finalize data format, build indexing, and draft pitch. could we. Speaker B said: It seems like, let’s restate what we agreed on before we end the meeting.",,,,,
118,c8,2,What decisions were made?,tfidf,extractive_fallback,"For the question 'What decisions were made?', the retrieved evidence suggests: Speaker B said: It seems like, we should create a shared doc with open questions and next steps. Speaker C said: We should capture the reasoning behind the decision, not just the outcome. That way we can separate system behavior from human perception effects. Speaker B said: I'm not sure but, definitely, how do we define 'important' contributions in a fair way? Speaker F said: Action items: finalize data format, build indexing, and draft pitch. could we. Speaker B said: It seems like, let’s restate what we agreed on before we end the meeting.",,,,,
119,c8,3,What concerns were raised?,tfidf,extractive_fallback,"For the question 'What concerns were raised?', the retrieved evidence suggests: Speaker B said: It seems like, we should create a shared doc with open questions and next steps. Speaker C said: We should capture the reasoning behind the decision, not just the outcome. That way we can separate system behavior from human perception effects. Speaker B said: I'm not sure but, definitely, how do we define 'important' contributions in a fair way? Speaker F said: Action items: finalize data format, build indexing, and draft pitch. could we. Speaker B said: It seems like, let’s restate what we agreed on before we end the meeting.",,,,,
120,c8,4,What is the recommended approach?,tfidf,extractive_fallback,"For the question 'What is the recommended approach?', the retrieved evidence suggests: Speaker B said: It seems like, we should create a shared doc with open questions and next steps. Speaker C said: We should capture the reasoning behind the decision, not just the outcome. That way we can separate system behavior from human perception effects. Speaker B said: I'm not sure but, definitely, how do we define 'important' contributions in a fair way? Speaker F said: Action items: finalize data format, build indexing, and draft pitch. could we. Speaker B said: It seems like, let’s restate what we agreed on before we end the meeting.",,,,,
121,c9,0,What is the main topic of discussion?,tfidf,extractive_fallback,"For the question 'What is the main topic of discussion?', the retrieved evidence suggests: Speaker B said: I'm not sure but, we should log every retrieval step so we can explain results. Speaker D said: For sure, we should log every retrieval step so we can explain results. Speaker B said: It seems like, we could compare two setups to see if results are robust. Speaker B said: Kind of, i'm not fully convinced yet. A minimal system plus strong evaluation is probably the best strategy. Speaker C said: I agree. First we ingest chats, then index, then retrieve, then answer, then analyze logs. We can validate it quickly with a small pilot before we scale it up.",,,,,
122,c9,1,What are the key points being discussed?,tfidf,extractive_fallback,"For the question 'What are the key points being discussed?', the retrieved evidence suggests: Speaker B said: I'm not sure but, we should log every retrieval step so we can explain results. Speaker D said: For sure, we should log every retrieval step so we can explain results. Speaker B said: It seems like, we could compare two setups to see if results are robust. Speaker B said: Kind of, i'm not fully convinced yet. A minimal system plus strong evaluation is probably the best strategy. Speaker C said: I agree. First we ingest chats, then index, then retrieve, then answer, then analyze logs. We can validate it quickly with a small pilot before we scale it up.",,,,,
123,c9,2,What decisions were made?,tfidf,extractive_fallback,"For the question 'What decisions were made?', the retrieved evidence suggests: Speaker B said: I'm not sure but, we should log every retrieval step so we can explain results. Speaker D said: For sure, we should log every retrieval step so we can explain results. Speaker B said: It seems like, we could compare two setups to see if results are robust. Speaker B said: Kind of, i'm not fully convinced yet. A minimal system plus strong evaluation is probably the best strategy. Speaker C said: I agree. First we ingest chats, then index, then retrieve, then answer, then analyze logs. We can validate it quickly with a small pilot before we scale it up.",,,,,
124,c9,3,What concerns were raised?,tfidf,extractive_fallback,"For the question 'What concerns were raised?', the retrieved evidence suggests: Speaker B said: I'm not sure but, we should log every retrieval step so we can explain results. Speaker D said: For sure, we should log every retrieval step so we can explain results. Speaker B said: It seems like, we could compare two setups to see if results are robust. Speaker B said: Kind of, i'm not fully convinced yet. A minimal system plus strong evaluation is probably the best strategy. Speaker C said: I agree. First we ingest chats, then index, then retrieve, then answer, then analyze logs. We can validate it quickly with a small pilot before we scale it up.",,,,,
125,c9,4,What is the recommended approach?,tfidf,extractive_fallback,"For the question 'What is the recommended approach?', the retrieved evidence suggests: Speaker B said: I'm not sure but, we should log every retrieval step so we can explain results. Speaker D said: For sure, we should log every retrieval step so we can explain results. Speaker B said: It seems like, we could compare two setups to see if results are robust. Speaker B said: Kind of, i'm not fully convinced yet. A minimal system plus strong evaluation is probably the best strategy. Speaker C said: I agree. First we ingest chats, then index, then retrieve, then answer, then analyze logs. We can validate it quickly with a small pilot before we scale it up.",,,,,
