feature,coefficient,abs_coefficient,odds_ratio
num__message_length_words,0.3921811364625527,0.3921811364625527,1.4802058063642836
num__message_length_chars,-0.32244551864454446,0.32244551864454446,0.7243753956852987
num__num_first_person_pronouns,-0.2975214806801732,0.2975214806801732,0.7426566302798894
num__num_hedges,-0.1770720478181133,0.1770720478181133,0.8377194264918179
num__num_uppercase_chars,-0.16872632416691516,0.16872632416691516,0.8447400566928102
num__has_question,-0.01436161481515656,0.01436161481515656,0.9857410212475541
num__num_politeness,-0.01238666022479743,0.01238666022479743,0.9876897386831892
num__has_exclamation,0.0,0.0,1.0
num__num_digits,0.0,0.0,1.0
