Timestamp,Do you consent to participating in this study?,Which speaker seemed to contribute the most to the discussion?,Which speaker seemed the most knowledgable or expert?,Which speaker seemed the most influential in shaping the discussion?,Which speaker would you trust most when making a decision?,"How balanced did the summary feel across speakers? 
1 = Very one sided
5 = Very balanced",Briefly explain your reasoning for the previous question,Which speaker seemed to contribute the most to the discussion?,Which speaker seemed the most knowledgable or expert?,Which speaker would you trust most when making a decision based on this discussion?,"How balanced did the summary seem across the speakers?
1 = Very one sided
5 = Very balanced",Briefly explain your reasoning to the previous question,Which speaker seemed to contribute the most to the discussion?,Which speaker seemed most knowledgable or expert?,Which speaker would you trust most when making a decision based on this discussion?,"How balanced did the summary seem across the speakers?
1 = Very one sided
5 = Very balanced",Briefly explain your reasoning to the previous question,Which speaker seemed to contribute the most to the discussion?,Which speaker seemed the most knowledgable or expert?,Which speaker would you trust the most when making a decision based on this discussion?,"How balanced did the summary seem across the speakers?
1 = Very one sided
5 = Very balanced",Briefly explain your reasoning for the previous question,Which speaker seemed to contribute the most to the discussion?,Which speaker seemed more knowledgable or expert?,Which speaker would you trust the most when making a decision based on this discussion?,"How balanced did the summary seem across the speakers?
1 = Very one sided
5 = Very balanced",Briefly explain your reasoning to the previous question,Which speaker seemed to contribute the most to the discussion?,Which speaker seemed more knowledgable or expert?,Which speaker would you trust the most when making a decision based on this discussion?,"How balanced did the summary seem across the speakers?
1 = Very one sided
5 = Very balanced",Briefly explain your reasoning to the previous question,Which speaker seemed to contribute the most to the discussion?,Which speaker seemed more knowledgable or expert?,Which speaker would you trust the most when making a decision based on this discussion?,"How balanced did the summary seem across the speakers?
1 = Very one sided
5 = Very balanced",Briefly explain your reasoning to the previous question,Which speaker seemed to contribute the most to the discussion?,Which speaker seemed more knowledgable or expert?,Which speaker would you trust the most when making a decision based on this discussion?,"How balanced did the summary seem across the speakers?
1 = Very one sided
5 = Very balanced",Briefly explain your reasoning to the previous question,Which speaker seemed to contribute the most to the discussion?,"Which speaker seemed more knowledgable or expert?
","Which speaker would you trust the most when making a decision based on this discussion?
","How balanced did the summary seem across the speakers?
1 = Very one sided
5 = Very balanced",Briefly explain your reasoning to the previous question,Which speaker seemed to contribute the most to the discussion?,Which speaker seemed more knowledgable or expert?,Which speaker would you trust the most when making a decision based on this discussion?,"How balanced did the summary seem across the speakers?
1 = Very one sided
5 = Very balanced",Briefly explain your reasoning to the previous question,Which speaker seemed to contribute the most to the discussion?,Which speaker seemed more knowledgable or expert?,Which speaker would you trust the most when making a decision based on this discussion?,"How balanced did the summary seem across the speakers?
1 = Very one sided
5 = Very balanced",Briefly explain your reasoning to the previous question,Which speaker seemed to contribute the most to the discussion?,Which speaker seemed more knowledgable or expert?,Which speaker would you trust the most when making a decision based on this discussion?,"How balanced did the summary seem across the speakers?
1 = Very one sided
5 = Very balanced",Briefly explain your reasoning to the previous question,Which speaker seemed to contribute the most to the discussion?,Which speaker seemed more knowledgable or expert?,Which speaker would you trust the most when making a decision based on this discussion?,"How balanced did the summary seem across the speakers?
1 = Very one sided
5 = Very balanced",Briefly explain your reasoning to the previous question,Which speaker seemed to contribute the most to the discussion?,Which speaker seemed more knowledgable or expert?,Which speaker would you trust the most when making a decision based on this discussion?,"How balanced did the summary seem across the speakers?
1 = Very one sided
5 = Very balanced",Briefly explain your reasoning to the previous question,Which speaker seemed to contribute the most to the discussion?,Which speaker seemed more knowledgable or expert?,Which speaker would you trust the most when making a decision based on this discussion?,"How balanced did the summary seem across the speakers?
1 = Very one sided
5 = Very balanced",Briefly explain your reasoning to the previous question,Which speaker seemed to contribute the most to the discussion?,Which speaker seemed more knowledgable or expert?,Which speaker would you trust the most when making a decision based on this discussion?,"How balanced did the summary seem across the speakers?
1 = Very one sided
5 = Very balanced",Briefly explain your reasoning to the previous question,Which speaker seemed to contribute the most to the discussion?,Which speaker seemed more knowledgable or expert?,Which speaker would you trust the most when making a decision based on this discussion?,"How balanced did the summary seem across the speakers?
1 = Very one sided
5 = Very balanced",Briefly explain your reasoning to the previous question,Which speaker seemed to contribute the most to the discussion?,Which speaker seemed more knowledgable or expert?,Which speaker would you trust the most when making a decision based on this discussion?,"How balanced did the summary seem across the speakers?
1 = Very one sided
5 = Very balanced",Briefly explain your reasoning to the previous question,Which speaker seemed to contribute the most to the discussion?,Which speaker seemed more knowledgable or expert?,Which speaker would you trust the most when making a decision based on this discussion?,"How balanced did the summary seem across the speakers?
1 = Very one sided
5 = Very balanced",Briefly explain your reasoning to the previous question,Which speaker seemed to contribute the most to the discussion?,Which speaker seemed more knowledgable or expert?,Which speaker would you trust the most when making a decision based on this discussion?,"How balanced did the summary seem across the speakers?
1 = Very one sided
5 = Very balanced",Briefly explain your reasoning to the previous question,Which speaker seemed to contribute the most to the discussion?,Which speaker seemed more knowledgable or expert?,Which speaker would you trust the most when making a decision based on this discussion?,"How balanced did the summary seem across the speakers?
1 = Very one sided
5 = Very balanced",Briefly explain your reasoning to the previous question,Which speaker seemed to contribute the most to the discussion?,Which speaker seemed more knowledgable or expert?,Which speaker would you trust the most when making a decision based on this discussion?,"How balanced did the summary seem across the speakers?
1 = Very one sided
5 = Very balanced",Briefly explain your reasoning to the previous question,Which speaker seemed to contribute the most to the discussion?,Which speaker seemed more knowledgable or expert?,Which speaker would you trust the most when making a decision based on this discussion?,"How balanced did the summary seem across the speakers?
1 = Very one sided
5 = Very balanced",Briefly explain your reasoning to the previous question,Which speaker seemed to contribute the most to the discussion?,Which speaker seemed more knowledgable or expert?,Which speaker would you trust the most when making a decision based on this discussion?,"How balanced did the summary seem across the speakers?
1 = Very one sided
5 = Very balanced",Briefly explain your reasoning to the previous question,Which speaker seemed to contribute the most to the discussion?,Which speaker seemed more knowledgable or expert?,Which speaker would you trust the most when making a decision based on this discussion?,"How balanced did the summary seem across the speakers?
1 = Very one sided
5 = Very balanced",Briefly explain your reasoning to the previous question
4/25/2026 22:47:51,Yes,Speaker C,Speaker C,Speaker C,Speaker C,5,"Because Speaker C combined practical suggestions with clear reasoning, considered trade-offs, and focused on reproducibility and validation—showing both depth of knowledge and good judgment for making decisions.",Speaker B,Speaker B,Speaker B,5,"Because Speaker B identified the core bias, proposed a clear way to measure it, and connected it to real user impact—showing strong analytical thinking and sound judgment.",Speaker G,Speaker C,Speaker C,5,"Because Speaker C emphasized structured data, careful analysis, and alignment with project goals—showing a methodical approach that supports reliable decision-making.",Speaker E,Speaker F,Speaker B,5,"Because Speaker B focused on finalizing scope, assigning ownership, and setting deadlines—showing practical judgment and an ability to turn discussion into clear, actionable decisions.",Speaker F,Speaker B,Speaker B,4,"Because most speakers are given clear, distinct contributions, but Speaker F is emphasized slightly more for setting the overall direction, making it mostly balanced rather than perfectly even.",Speaker C,Speaker C,Speaker C,5,"Because each speaker is given a clear, distinct role and contribution, and no single speaker dominates the discussion, making the summary evenly distributed",Speaker B,Speaker C,Speaker B,4,"Because several speakers are included with clear roles, but Speaker B receives slightly more focus for leading and framing the main idea, making it mostly balanced rather than perfectly even",Speaker F,Speaker G,Speaker A,5,"The summary gives each speaker a clear and distinct role—F (facilitation and alignment), B (decision framing), A (execution and action items), G (technical depth), and C (structure and validation). No single speaker dominates the discussion, and contributions are evenly distributed across planning, technical thinking, and execution.",Speaker B,Speaker F,Speaker B,5,"he summary gives clear and meaningful roles to multiple speakers (B, A, F, C, D), covering strategy, implementation, reproducibility, and evaluation. While Speaker B leads, others contribute substantial ideas, making the distribution even and well-balanced.",Speaker F,Speaker B,Speaker D,5,"All speakers (F, B, D, G, E) have clear and meaningful roles—strategy, logistics, structure, evaluation, and clarification. No single speaker dominates, and contributions are well distributed across planning, execution, and analysis.",Speaker A,Speaker F,Speaker C,5,"Each speaker (A, F, C, B, E) plays a clear role—A (planning and structure), F (strategy and constraints), C (focus and success criteria), B (data needs), and E (clarification). Contributions are evenly distributed, with no single speaker dominating the summary.",Speaker B,Speaker C,Speaker B,4,"Several speakers (B, C, F, G, E) have clear roles, but Speaker B is emphasized more through multiple concrete suggestions and leading the discussion. Others contribute meaningfully, yet the focus is slightly skewed toward B, making it mostly balanced rather than perfectly even.",Speaker G,Speaker C,Speaker F,5,"All speakers (G, A, F, C, D) are given clear and meaningful roles—G (direction and design), A (focus and evaluation), F (constraints and timeline), C (analysis and validation), and D (execution support). Contributions are evenly distributed, with no single speaker dominating the summary",Speaker C,Speaker B,Speaker A,5,"Each speaker (C, B, A, D, E) has a clear and meaningful role—C (direction and focus), B (data and methodology), A (execution and timelines), D (structure and validation), and E (clarification). The summary distributes contributions evenly without overemphasizing any single speaker",Speaker C,Speaker G,Speaker C,4,"Several speakers (C, F, G, A, E) contribute meaningful ideas, but Speaker C is emphasized more by leading the planning and proposing key elements of the study. Others add important points, yet the focus is slightly centered on C.",Speaker A,Speaker F,Speaker A,4,"Multiple speakers (A, F, D, G, E) contribute, but Speaker A is emphasized more through detailed planning, milestones, and ownership. Others add important points, yet A has slightly more weight in shaping the discussion.",Speaker B,Speaker D,Speaker F,5,"The summary distributes meaningful contributions across multiple speakers (B, D, F, G, E). Each plays a distinct role—planning, execution, evaluation, and clarification—without any single speaker dominating the narrative, making it well balanced.",Speaker F,Speaker D,Speaker B,4,"Multiple speakers (F, G, B, D, E) contribute meaningful ideas, but Speaker F is slightly emphasized through repeated pipeline suggestions and framing of the approach. Others add strong points, yet the focus leans a bit toward F.",Speaker A,Speaker B,Speaker D,5,"The summary distributes contributions evenly across speakers A, B, G, D, and E, with each playing a distinct role—execution, technical framing, decision reasoning, and clarification. No single speaker dominates, making the discussion well balanced.",Speaker C,Speaker B,Speaker D,5,"The summary distributes meaningful contributions across multiple speakers (C, F, G, B, D), each focusing on different aspects like study design, bias concerns, metrics, and interpretation. No single speaker dominates, and roles are well differentiated, making it a balanced discussion.",Speaker C,Speaker F,Speaker C,5,"The summary distributes contributions fairly evenly across C, D, A, F, and E, with each speaker contributing distinct ideas (study design, bias interpretation, metrics, and clarification). No single speaker dominates, and all roles are meaningfully represented, making it well balanced.",Speaker C,Speaker G,Speaker F,5,"The summary distributes meaningful contributions across multiple speakers (C, G, F, D, E), with each focusing on different aspects like metrics, bias interpretation, study design, and evaluation. No single speaker dominates, and the roles are clearly separated, making it well balanced",Speaker C,Speaker D,Speaker F,5,"The summary distributes contributions fairly evenly across A, C, D, F, and B, with each speaker adding distinct points—metrics, evaluation design, bias interpretation, and study structure. No single speaker dominates, and the discussion is well spread across roles, making it highly balanced.",Speaker C,Speaker C,Speaker F,4,"The summary includes multiple speakers (C, F, A, B, E) with fairly clear roles, but Speaker C is slightly more emphasized because they define the full pipeline, reproducibility approach, and logging strategy. Others contribute important supporting ideas, but C anchors the technical direction, making the balance slightly weighted toward them rather than perfectly even.",Speaker C,Speaker C,Speaker F,4,"Speaker C is emphasized more than others because they set multiple core directions (scope, milestones, data structure, and timeline). Other speakers contribute meaningful supporting ideas (F and D on success criteria, G on signal size, E on clarification), but the focus leans toward C, making it mostly balanced rather than fully even."
4/26/2026 3:20:14,Yes,Speaker C,Speaker B,Speaker C,Speaker B,3,As certain speakers didn’t share there view point completely and the ones who did there theory about new features wasn’t given proper consideration as that holds a lot of importance too,Speaker B,Speaker A,Speaker A,3,As 2 speaker didn’t gave much of an input ,Speaker G,Speaker C,Speaker B,5,Everyone point of view was discussed ,Speaker G,Speaker F,Speaker F,5,,Speaker B,Speaker A,Speaker A,5,,Speaker C,Speaker D,Speaker D,5,,Speaker C,Speaker E,Speaker D,4,,Speaker G,Speaker B,Speaker B,5,,Speaker A,Speaker F,Speaker C,5,,Speaker D,Speaker F,Speaker B,5,,Speaker C,Speaker F,Speaker C,5,,Speaker F,Speaker C,Speaker C,5,,Speaker A,Speaker F,Speaker C,5,,Speaker B,Speaker B,Speaker D,5,,Speaker C,Speaker F,Speaker F,5,,Speaker A,Speaker G,Speaker D,5,,Speaker C,Speaker F,Speaker F,5,,Speaker G,Speaker B,Speaker D,5,,Speaker B,Speaker G,Speaker D,4,,Speaker G,Speaker D,Speaker B,5,,Speaker D,Speaker F,Speaker A,5,,Speaker G,Speaker F,Speaker D,5,,Speaker C,Speaker F,Speaker B,5,,Speaker C,Speaker B,Speaker E,5,,Speaker C,Speaker D,Speaker D,4,
4/26/2026 3:27:24,Yes,Speaker E,Speaker G,Speaker E,Speaker G,3,,Speaker E,Speaker E,Speaker E,4,,Speaker G,Speaker F,Speaker F,4,,Speaker A,Speaker A,Speaker A,4,,Speaker F,Speaker A,Speaker A,1,,Speaker F,Speaker F,Speaker F,1,,Speaker B,Speaker B,Speaker B,3,,Speaker F,Speaker A,Speaker G,3,,Speaker B,Speaker F,Speaker A,5,,Speaker F,Speaker F,Speaker F,5,,Speaker A,Speaker C,Speaker C,4,,Speaker B,Speaker C,Speaker C,5,,Speaker G,Speaker F,Speaker F,3,,Speaker C,Speaker B,Speaker C,5,,Speaker C,Speaker G,Speaker G,5,,Speaker A,Speaker G,Speaker G,5,,Speaker B,Speaker D,Speaker D,4,,Speaker F,Speaker D,Speaker D,4,,Speaker A,Speaker D,Speaker D,5,,Speaker C,Speaker G,Speaker G,5,,Speaker C,Speaker D,Speaker D,3,,Speaker C,Speaker G,Speaker G,4,,Speaker A,Speaker D,Speaker D,4,,Speaker C,Speaker A,Speaker A,4,,Speaker C,Speaker C,Speaker C,1,
4/26/2026 3:45:16,Yes,Speaker C,Speaker C,Speaker C,Speaker C,4,,Speaker E,Speaker B,Speaker B,4,,Speaker G,Speaker C,Speaker C,4,,Speaker E,Speaker F,Speaker F,3,,Speaker F,Speaker A,Speaker B,5,,Speaker C,Speaker F,Speaker C,5,,Speaker B,Speaker C,Speaker B,4,,Speaker F,Speaker G,Speaker G,4,,Speaker B,Speaker A,Speaker B,4,,Speaker F,Speaker B,Speaker B,5,,Speaker A,Speaker A,Speaker A,5,,Speaker B,Speaker C,Speaker B,5,,Speaker G,Speaker A,Speaker F,5,,Speaker C,Speaker B,Speaker B,5,,Speaker C,Speaker G,Speaker C,4,,Speaker A,Speaker F,Speaker A,4,,Speaker B,Speaker D,Speaker B,5,,Speaker F,Speaker G,Speaker B,5,,Speaker A,Speaker G,Speaker D,5,,Speaker C,Speaker G,Speaker F,5,,Speaker C,Speaker F,Speaker A,5,,Speaker C,Speaker G,Speaker C,5,,Speaker C,Speaker A,Speaker C,5,,Speaker C,Speaker C,Speaker C,4,,Speaker C,Speaker C,Speaker C,4,
4/26/2026 12:36:06,Yes,Speaker E,Speaker C,Speaker C,Speaker D,4,,Speaker E,Speaker C,Speaker D,3,,Speaker C,Speaker A,Speaker D,4,,Speaker B,Speaker E,Speaker A,5,,Speaker A,Speaker C,Speaker E,4,,Speaker A,Speaker D,Speaker D,4,,Speaker G,Speaker C,Speaker C,3,,Speaker C,Speaker A,Speaker F,3,,Speaker E,Speaker C,Speaker C,3,,Speaker A,Speaker D,Speaker E,3,,Speaker B,Speaker C,Speaker A,4,,Speaker B,Speaker C,Speaker F,4,,Speaker B,Speaker A,Speaker G,3,,Speaker D,Speaker B,Speaker E,3,,Speaker G,Speaker D,Speaker E,2,,Speaker E,Speaker C,Speaker B,3,,Speaker C,Speaker D,Speaker F,5,,Speaker A,Speaker E,Speaker C,5,,Speaker C,Speaker A,Speaker C,4,,Speaker B,Speaker G,Speaker G,4,,Speaker C,Speaker E,Speaker B,5,,Speaker A,Speaker D,Speaker F,4,,Speaker G,Speaker F,Speaker F,4,,Speaker D,Speaker E,Speaker F,5,,Speaker B,Speaker G,Speaker C,4,
4/26/2026 13:07:12,Yes,Speaker C,Speaker C,Speaker C,Speaker C,2,"Only 4 speakers appear (B, C, E, G) and C dominates heavily with much more detail",Speaker E,Speaker B,Speaker E,3,"5 speakers appear, but E leads and B gets strong emphasis, so slightly skewed.",Speaker G,Speaker C,Speaker G,3,"5 speakers present, but G leads and C gets detailed input → moderate imbalance.",Speaker E,Speaker F,Speaker E,3,"5 speakers included, but E leads and others get less detailed coverage.",Speaker A,Speaker B,Speaker F,3,5 speakers present; F leads and A/B get more detail → not fully balanced.,Speaker C,Speaker C,Speaker E,3,5 speakers included; C has the most detailed contribution and E leads.,Speaker B,Speaker C,Speaker B,3,5 speakers present; B leads and is emphasized more than others.,Speaker F,Speaker G,Speaker F,3,5 speakers included; F leads and gets more focus than others.,Speaker B,Speaker C,Speaker B,3,5 speakers present; B leads and is more detailed than others.,Speaker F,Speaker B,Speaker F,3,"The summary includes 5 of the 7 speakers: B, D, E, F, and G. Speaker F is clearly leading and gets more emphasis, while others contribute but with less detail, making it somewhat balanced but still skewed.",Speaker A,Speaker A,Speaker A,3,5 speakers included; A leads and dominates the summary.,Speaker B,Speaker C,Speaker B,3,5 speakers present; B leads and C also gets strong emphasis.,Speaker G,Speaker F,Speaker G,3,5 speakers included; G leads and F gets notable emphasis.,Speaker C,Speaker C,Speaker C,3,5 speakers present; C leads and receives the most detailed coverage.,Speaker C,Speaker C,Speaker C,2,C strongly dominates; others are brief or secondary → mostly one-sided.,Speaker A,Speaker A,Speaker A,3,5 speakers included; A leads and is emphasized significantly.,Speaker B,Speaker B,Speaker B,3,5 speakers present; B contributes the most and gets more detail.,Speaker F,Speaker G,Speaker F,3,5 speakers included; F and G get more emphasis than others.,Speaker A,Speaker G,Speaker A,3,5 speakers present; A and G get slightly more attention.,Speaker C,Speaker G,Speaker C,3,"5 speakers included; C, F, and G get more emphasis.",Speaker C,Speaker F,Speaker C,3,5 speakers present; C leads and is most emphasized.,Speaker C,Speaker G,Speaker C,3,5 speakers included; C and G get stronger emphasis than others.,Speaker C,Speaker A,Speaker C,3,5 speakers present; C and A are emphasized more.,Speaker C,Speaker C,Speaker C,2,C dominates strongly with much more detail; others are secondary.,Speaker C,Speaker C,Speaker C,2,C clearly dominates; others are present but receive much less detail.
4/26/2026 13:15:53,Yes,Speaker C,Speaker C,Speaker C,Speaker C,2,"Only 4 speakers appear (B, C, E, G) and C dominates heavily with much more detail.",Speaker E,Speaker B,Speaker E,3,"5 speakers appear, but E leads and B gets strong emphasis, so slightly skewed.",Speaker G,Speaker C,Speaker G,3,"5 speakers present, but G leads and C gets detailed input → moderate imbalance.",Speaker E,Speaker F,Speaker E,3,"5 speakers included, but E leads and others get less detailed coverage.",Speaker F,Speaker B,Speaker F,3,5 speakers present; F leads and A/B get more detail → not fully balanced.,Speaker C,Speaker C,Speaker E,3,5 speakers included; C has the most detailed contribution and E leads.,Speaker B,Speaker C,Speaker B,3,5 speakers present; B leads and is emphasized more than others.,Speaker F,Speaker G,Speaker F,3,5 speakers included; F leads and gets more focus than others.,Speaker B,Speaker C,Speaker B,3,5 speakers present; B leads and is more detailed than others.,Speaker F,Speaker B,Speaker F,3,"The summary includes 5 of the 7 speakers: B, D, E, F, and G. Speaker F is clearly leading and gets more emphasis, while others contribute but with less detail, making it somewhat balanced but still skewed.",Speaker A,Speaker A,Speaker A,3,5 speakers included; A leads and dominates the summary.,Speaker B,Speaker C,Speaker B,3,5 speakers present; B leads and C also gets strong emphasis.,Speaker G,Speaker F,Speaker G,3,5 speakers included; G leads and F gets notable emphasis.,Speaker C,Speaker C,Speaker C,3,5 speakers present; C leads and receives the most detailed coverage.,Speaker C,Speaker C,Speaker C,2,C strongly dominates; others are brief or secondary → mostly one-sided.,Speaker A,Speaker A,Speaker A,3,5 speakers included; A leads and is emphasized significantly.,Speaker B,Speaker B,Speaker B,3,5 speakers present; B contributes the most and gets more detail.,Speaker F,Speaker G,Speaker F,3,5 speakers included; F and G get more emphasis than others.,Speaker A,Speaker G,Speaker A,3,5 speakers present; A and G get slightly more attention.,Speaker C,Speaker G,Speaker C,3,"5 speakers included; C, F, and G get more emphasis.",Speaker C,Speaker F,Speaker C,3,5 speakers present; C leads and is most emphasized.,Speaker C,Speaker G,Speaker C,3,5 speakers included; C and G get stronger emphasis than others.,Speaker C,Speaker A,Speaker C,3,5 speakers present; C and A are emphasized more.,Speaker C,Speaker C,Speaker C,2,C dominates strongly with much more detail; others are secondary.,Speaker C,Speaker C,Speaker C,2,C clearly dominates; others are present but receive much less detail.
4/26/2026 13:22:53,Yes,Speaker C,Speaker C,Speaker C,Speaker C,2,"Only 4 speakers appear (B, C, E, G) and C dominates heavily with much more detail.",Speaker E,Speaker B,Speaker E,3,"5 speakers appear, but E leads and B gets strong emphasis, so slightly skewed.",Speaker G,Speaker C,Speaker G,3,"5 speakers present, but G leads and C gets detailed input → moderate imbalance.",Speaker E,Speaker F,Speaker E,3,"5 speakers included, but E leads and others get less detailed coverage.",Speaker F,Speaker B,Speaker F,3,5 speakers present; F leads and A/B get more detail → not fully balanced.,Speaker C,Speaker C,Speaker E,3,5 speakers included; C has the most detailed contribution and E leads.,Speaker B,Speaker C,Speaker B,3,5 speakers present; B leads and is emphasized more than others.,Speaker F,Speaker G,Speaker F,3,5 speakers included; F leads and gets more focus than others.,Speaker B,Speaker C,Speaker B,3,5 speakers present; B leads and is more detailed than others.,Speaker F,Speaker B,Speaker F,3,"The summary includes 5 of the 7 speakers: B, D, E, F, and G. Speaker F is clearly leading and gets more emphasis, while others contribute but with less detail, making it somewhat balanced but still skewed.",Speaker A,Speaker A,Speaker A,3,5 speakers included; A leads and dominates the summary.,Speaker B,Speaker C,Speaker B,3,5 speakers present; B leads and C also gets strong emphasis.,Speaker G,Speaker F,Speaker G,3,5 speakers included; G leads and F gets notable emphasis.,Speaker C,Speaker C,Speaker C,3,5 speakers present; C leads and receives the most detailed coverage.,Speaker C,Speaker C,Speaker C,2,C strongly dominates; others are brief or secondary → mostly one-sided.,Speaker A,Speaker A,Speaker A,3,5 speakers included; A leads and is emphasized significantly.,Speaker B,Speaker B,Speaker B,3,5 speakers present; B contributes the most and gets more detail.,Speaker F,Speaker G,Speaker F,3,5 speakers included; F and G get more emphasis than others.,Speaker A,Speaker G,Speaker A,3,5 speakers present; A and G get slightly more attention.,Speaker C,Speaker G,Speaker C,3,"5 speakers included; C, F, and G get more emphasis.",Speaker C,Speaker F,Speaker C,3,5 speakers present; C leads and is most emphasized.,Speaker C,Speaker G,Speaker C,3,5 speakers included; C and G get stronger emphasis than others.,Speaker C,Speaker A,Speaker C,3,5 speakers present; C and A are emphasized more.,Speaker C,Speaker C,Speaker C,2,C dominates strongly with much more detail; others are secondary.,Speaker C,Speaker C,Speaker C,2,C clearly dominates; others are present but receive much less detail.
4/26/2026 13:50:51,Yes,Speaker C,Speaker C,Speaker C,Speaker C,2,"Only 4 speakers appear (B, C, E, G) and C dominates heavily with much more detail.",Speaker E,Speaker B,Speaker E,3,"5 speakers appear, but E leads and B gets strong emphasis, so slightly skewed.",Speaker G,Speaker C,Speaker G,3,"5 speakers present, but G leads and C gets detailed input → moderate imbalance.",Speaker E,Speaker F,Speaker E,3,"5 speakers included, but E leads and others get less detailed coverage.",Speaker F,Speaker B,Speaker F,3,5 speakers present; F leads and A/B get more detail → not fully balanced.,Speaker C,Speaker C,Speaker E,3,5 speakers included; C has the most detailed contribution and E leads.,Speaker B,Speaker C,Speaker B,3,5 speakers present; B leads and is emphasized more than others.,Speaker F,Speaker G,Speaker F,3,5 speakers included; F leads and gets more focus than others.,Speaker B,Speaker C,Speaker B,3,5 speakers present; B leads and is more detailed than others.,Speaker F,Speaker B,Speaker F,3,"The summary includes 5 of the 7 speakers: B, D, E, F, and G. Speaker F is clearly leading and gets more emphasis, while others contribute but with less detail, making it somewhat balanced but still skewed.",Speaker A,Speaker A,Speaker A,3,5 speakers included; A leads and dominates the summary.,Speaker B,Speaker C,Speaker B,3,5 speakers present; B leads and C also gets strong emphasis.,Speaker G,Speaker F,Speaker G,3,5 speakers included; G leads and F gets notable emphasis.,Speaker C,Speaker C,Speaker C,3,5 speakers present; C leads and receives the most detailed coverage.,Speaker C,Speaker C,Speaker C,2,C strongly dominates; others are brief or secondary → mostly one-sided.,Speaker A,Speaker A,Speaker A,3,5 speakers included; A leads and is emphasized significantly.,Speaker B,Speaker B,Speaker B,3,5 speakers present; B contributes the most and gets more detail.,Speaker F,Speaker G,Speaker F,3,5 speakers included; F and G get more emphasis than others.,Speaker A,Speaker G,Speaker A,3,5 speakers present; A and G get slightly more attention.,Speaker C,Speaker G,Speaker C,3,"5 speakers included; C, F, and G get more emphasis.",Speaker C,Speaker F,Speaker C,3,5 speakers present; C leads and is most emphasized.,Speaker C,Speaker G,Speaker C,3,5 speakers included; C and G get stronger emphasis than others.,Speaker C,Speaker A,Speaker C,3,5 speakers present; C and A are emphasized more.,Speaker C,Speaker C,Speaker C,2,C dominates strongly with much more detail; others are secondary.,Speaker C,Speaker C,Speaker C,2,C clearly dominates; others are present but receive much less detail.
4/26/2026 14:21:49,Yes,Speaker C,Speaker C,Speaker C,Speaker C,3,"The discussion is dominated by Speaker C, who provides multiple key arguments (reproducibility, experiment design, logging, and evaluation benefits) and strongly influences the direction of the pipeline design. Speaker B also contributes a structured baseline plan, and Speaker G supports simplicity, while Speaker E mainly asks questions. However, Speakers A, D, and F are not represented, making the discussion feel somewhat uneven and centered around a few voices rather than fully balanced participation.",Speaker B,Speaker B,Speaker B,4,"The discussion is fairly distributed across multiple speakers, but Speaker B contributes the most substantial technical insight about how retrieval bias can emerge (verbosity affecting retrieval frequency and perception of leadership/knowledge). Speaker A also adds methodological depth (measuring linguistic style and designing participant tasks), while Speakers D and F contribute practical study design constraints. Speaker E mainly facilitates through clarification, helping structure the conversation rather than driving content. Overall, multiple speakers meaningfully contribute, making the summary relatively balanced, though B stands out slightly as the most analytically influential.",Speaker C,Speaker C,Speaker C,4,"The discussion includes meaningful input from several speakers, but Speaker C stands out for providing the most concrete and implementation-focused guidance, particularly around data structure (CSV with IDs and timestamps), analysis robustness checks, and ensuring the project has clear deliverables for the proposal and final report. Speaker G also plays a strong leadership role in structuring tasks and planning timelines, while Speaker B contributes important methodological framing around retrieval bias and perception studies. Speakers A and F provide supportive and logistical input. Overall, contributions are fairly distributed, but C is the most technically and operationally central voice in shaping how the project would actually be executed",Speaker E,Speaker F,Speaker B,4,"The discussion is fairly distributed across multiple speakers, with each taking a distinct role. Speaker E drives the conversation by structuring the recap and keeping the group aligned on clarifying decisions, which makes them the most central in managing flow. Speaker A and Speaker B contribute strongly on execution and planning (action items, scope, ownership), while Speaker F provides more technical depth on retrieval design decisions (top-k, message chunking), which signals stronger technical expertise. Speaker G raises higher-level conceptual concerns about definitions and reasoning, adding depth but less direct direction. Overall, no single speaker dominates, and responsibilities are fairly well spread, though leadership (E) and technical depth (F) stand out.",Speaker F,Speaker F,Speaker F,4,"The discussion is fairly well distributed, but Speaker F stands out as the primary driver by setting the main direction (favoring a minimal, reproducible system and cautioning against unnecessary complexity). Speaker A and Speaker B provide strong supporting technical contributions around pipeline design, logging, and baseline evaluation, while Speaker G reinforces key principles like reproducibility and simplicity. Speaker E mainly plays a clarifying role, helping ensure shared understanding rather than steering decisions. Overall, the summary includes input from most speakers in distinct roles, making it reasonably balanced, though F has the strongest influence on the final decision direction.",Speaker C,Speaker C,Speaker C,5,"This summary is quite balanced because multiple speakers contribute clearly defined roles. Speaker C is the most prominent, providing structure, planning, milestones, and project scoping guidance, which shapes much of the execution plan. Speaker E leads the discussion flow by asking clarifying questions and enforcing focus, but contributes less technical content. Speakers B, F, and D each add meaningful but narrower inputs (ownership/timing, retrieval bias measurement, and general support). No speaker dominates excessively, and responsibilities and ideas are distributed fairly evenly across the group, making the summary feel well-balanced.",Speaker B,Speaker C,Speaker B,3,"5 speakers present; B leads and is emphasized more than others. 
",Speaker F,Speaker G,Speaker F,3,"5 speakers included; F leads and gets more focus than others. 
",Speaker B,Speaker C,Speaker B,3,"5 speakers present; B leads and is more detailed than others. 
",Speaker F,Speaker B,Speaker F,3,"The summary includes 5 of the 7 speakers: B, D, E, F, and G. Speaker F is clearly leading and gets more emphasis, while others contribute but with less detail, making it somewhat balanced but still skewed.
",Speaker A,Speaker A,Speaker A,3,"5 speakers included; A leads and dominates the summary. 
",Speaker B,Speaker C,Speaker B,3,"5 speakers present; B leads and C also gets strong emphasis. 
",Speaker G,Speaker F,Speaker G,3,"5 speakers included; G leads and F gets notable emphasis. 
",Speaker C,Speaker C,Speaker C,3,"5 speakers present; C leads and receives the most detailed coverage. 
",Speaker C,Speaker C,Speaker C,2,"C strongly dominates; others are brief or secondary → mostly one-sided. 
",Speaker A,Speaker A,Speaker A,3,"5 speakers included; A leads and is emphasized significantly. 
",Speaker B,Speaker B,Speaker B,3,5 speakers present; B contributes the most and gets more detail. ,Speaker F,Speaker G,Speaker F,3,"5 speakers included; F and G get more emphasis than others. 
",Speaker A,Speaker G,Speaker A,3,"5 speakers present; A and G get slightly more attention. 
",Speaker C,Speaker G,Speaker C,3,"5 speakers present; A and G get slightly more attention. 
",Speaker C,Speaker F,Speaker C,3,"5 speakers present; C leads and is most emphasized. 
",Speaker C,Speaker G,Speaker C,3,"5 speakers included; C and G get stronger emphasis than others. 
",Speaker C,Speaker A,Speaker C,3,"5 speakers present; C and A are emphasized more. 
",Speaker C,Speaker C,Speaker C,2,"C dominates strongly with much more detail; others are secondary. 
",Speaker C,Speaker C,Speaker C,2,"C clearly dominates; others are present but receive much less detail. 
"
4/26/2026 14:26:17,Yes,Speaker C,Speaker C,Speaker C,Speaker C,2,"Only 4 speakers appear (B, C, E, G) and C dominates heavily with much more detail.",Speaker E,Speaker B,Speaker E,3,"5 speakers appear, but E leads and B gets strong emphasis, so slightly skewed.",Speaker G,Speaker C,Speaker G,3,"5 speakers present, but G leads and C gets detailed input → moderate imbalance.",Speaker E,Speaker F,Speaker E,3,"5 speakers included, but E leads and others get less detailed coverage.",Speaker F,Speaker B,Speaker F,3,5 speakers present; F leads and A/B get more detail → not fully balanced.,Speaker C,Speaker C,Speaker E,3,5 speakers included; C has the most detailed contribution and E leads.,Speaker B,Speaker C,Speaker B,3,5 speakers present; B leads and is emphasized more than others.,Speaker F,Speaker G,Speaker F,3,5 speakers included; F leads and gets more focus than others.,Speaker B,Speaker C,Speaker B,3,5 speakers present; B leads and is more detailed than others.,Speaker F,Speaker B,Speaker F,3,"The summary includes 5 of the 7 speakers: B, D, E, F, and G. Speaker F is clearly leading and gets more emphasis, while others contribute but with less detail, making it somewhat balanced but still skewed.",Speaker A,Speaker A,Speaker A,3,5 speakers included; A leads and dominates the summary.,Speaker B,Speaker C,Speaker B,3,5 speakers present; B leads and C also gets strong emphasis.,Speaker G,Speaker F,Speaker G,3,5 speakers included; G leads and F gets notable emphasis.,Speaker C,Speaker C,Speaker C,3,5 speakers present; C leads and receives the most detailed coverage.,Speaker C,Speaker C,Speaker C,2,C strongly dominates; others are brief or secondary → mostly one-sided.,Speaker A,Speaker A,Speaker A,3,5 speakers included; A leads and is emphasized significantly.,Speaker B,Speaker B,Speaker B,3,5 speakers present; B contributes the most and gets more detail.,Speaker F,Speaker G,Speaker F,3,5 speakers included; F and G get more emphasis than others.,Speaker A,Speaker G,Speaker A,3,5 speakers present; A and G get slightly more attention.,Speaker C,Speaker G,Speaker C,3,"5 speakers included; C, F, and G get more emphasis.",Speaker C,Speaker F,Speaker C,3,5 speakers present; C leads and is most emphasized.,Speaker C,Speaker G,Speaker C,3,5 speakers included; C and G get stronger emphasis than others.,Speaker C,Speaker A,Speaker C,3,5 speakers present; C and A are emphasized more.,Speaker C,Speaker C,Speaker C,2,C dominates strongly with much more detail; others are secondary.,Speaker C,Speaker C,Speaker C,2,C clearly dominates; others are present but receive much less detail.
4/26/2026 14:47:38,Yes,Speaker C,Speaker C,Speaker G,Speaker C,4,"The summary covers multiple perspectives: 
Speaker G (simple to the point), Speaker C (reproducibility & experiment focused), Speaker B (baseline structure), and Speaker E (risk awareness). 

However, Speaker C’s ideas get slightly more weight and depth compared to others, so it’s not perfectly equal but still fairly balanced.",Speaker E,Speaker B,Speaker B,4,"The summary includes inputs from multiple speakers:
E (facilitation), B (core insight), A (measurement ideas), and D/F (execution). 

However, Speaker B and E stand out slightly more in depth and impact, so it’s not perfectly equal but still quite balanced.",Speaker G,Speaker C,Speaker G,4,"The summary includes contributions from multiple speakers:
G (leadership and planning), C (data/analysis rigor), B (experimental framing), F (logistics), and A (supporting ideas). 

No single speaker completely dominates, but G and C get slightly more emphasis due to leadership and structure, so it’s well-balanced but not perfectly equal.",Speaker E,Speaker F,Speaker B,5,"The summary gives clear space to multiple roles:
E (facilitation), A (execution tasks), G (conceptual thinking), B (decision alignment), and F (technical depth). 

Each speaker contributes a distinct angle, and no single person dominates the narrative, making it very balanced.",Speaker F,Speaker B,Speaker F,4,"The summary includes contributions from F (strategy), A (pipeline + tools), B (evaluation rigor), E (clarifications), and G (reproducibility).

While multiple voices are represented, F’s framing and direction stand out slightly more, so it’s balanced but not perfectly equal.",Speaker E,Speaker C,Speaker C,4,"The summary includes multiple perspectives:
E (focus and direction), C (structure and rigor), B (execution urgency), F (measurement focus), and D (support). While E and C stand out slightly more, the overall representation is still quite balanced.",Speaker B,Speaker C,Speaker B,4,"The summary represents multiple contributors:
B (core framing), C (analysis depth), D (supporting insight), F (study design practicality), and E (clarifications). 

While B and C stand out slightly more, the overall coverage across speakers is fairly balanced.",Speaker F,Speaker G,Speaker B,5,"The summary clearly reflects contributions from multiple speakers:

F (facilitation), B (decision focus), A (execution), G (technical depth), and C (structure and validation). 

Each speaker adds a distinct perspective, and no one dominates excessively, making it very well balanced.",Speaker B,Speaker F,Speaker B,4,"The summary includes multiple viewpoints:

B (lead + strategy), A (pipeline), F (reproducibility), C (experimentation mindset), and D (support). 

While B stands out slightly more, the overall representation is fairly balanced across speakers.",Speaker F,Speaker D,Speaker G,5,"The summary highlights multiple contributors:

F (direction), B (data/logistics), D (structure), G (measurement + milestones), and E (clarifications). 

Each speaker adds a distinct angle, and no single person dominates, making it very well balanced.",Speaker A,Speaker C,Speaker A,4,"The summary includes A (lead + planning), F (execution + constraints), C (focus + research clarity), B (study design support), and E (clarifications). 

While A stands out slightly as the leader, overall multiple perspectives are represented fairly well.",Speaker B,Speaker C,Speaker B,4,"The summary includes B (core design), C (conceptual depth), F (practical setup), G (experiment flow), and E (clarifications). While B and C stand out slightly more, multiple perspectives are represented well, making it fairly balanced.",Speaker G,Speaker C,Speaker F,5,"The summary captures multiple roles:

G (lead + setup), A (focus + measurement), F (timeline + constraints), C (research + validation), and D (execution support). 

Each speaker contributes a distinct perspective, and no one dominates excessively, making it very well balanced.",Speaker C,Speaker B,Speaker C,4,"The summary includes C (lead + structure), B (study design), A (execution + timelines), D (support + robustness), and E (clarifications). 

While C stands out slightly as the lead, multiple perspectives are represented well, making it fairly balanced.",Speaker C,Speaker G,Speaker C,4,"The summary includes C (lead + design), F (bias concerns), G (metrics), A (support), and E (clarifications). 

While C stands out as the main driver, other perspectives are still represented, making it fairly balanced.",Speaker A,Speaker F,Speaker A,4,"The summary includes A (lead + planning), F/D (measurement + robustness), G (timeline + constraints), and E (clarifications). 

While A stands out as the main driver, multiple perspectives are represented, making it fairly balanced.",Speaker B,Speaker D,Speaker F,5,"The summary reflects multiple strong contributors:

B (planning), D (method + execution), F (constraints + rigor), G (structure + goals), and E (clarifications). 

No single speaker dominates heavily, and each adds a distinct perspective, making it very well balanced.",Speaker F,Speaker D,Speaker G,4,"The summary includes F (pipeline + direction), G (strategy), B (risk + logging), D (reproducibility), and E (clarifications).

While F stands out slightly as the lead, multiple perspectives are represented well, making it fairly balanced.",Speaker A,Speaker G,Speaker B,5,"The summary reflects multiple roles:

A (execution), G (technical + planning), B (conceptual clarity), D (decision reasoning), and E (clarifications). 

Each speaker contributes meaningfully, and no one dominates heavily, making it very balanced",Speaker C,Speaker G,Speaker F,5,"The summary reflects multiple strong contributions:

C (study design), F (evaluation + risks), G (bias + metrics), B (supporting insights), and D (conceptual framing). 

Each speaker adds a distinct perspective, and no one dominates excessively, making it very well balanced.",Speaker C,Speaker F,Speaker C,4,"The summary includes C (lead + design), D (bias insights), A (measurement support), F (metrics + rigor), and E (clarifications). 

While C stands out slightly, multiple perspectives are represented well, making it fairly balanced.",Speaker C,Speaker G,Speaker C,4,"The summary includes C (design lead), G (conceptual depth), F (experiment setup), D (supporting insights), and E (clarifications). 

While C stands out slightly, multiple perspectives are represented well, making it fairly balanced.",Speaker C,Speaker A,Speaker C,5,"The summary includes A (metrics + simplicity), C (evaluation + structure), D (bias insights), F (randomization + concerns), and B (comparison framing). 

Each speaker contributes a distinct and meaningful perspective, with no single person dominating heavily, making it very well balanced.",Speaker C,Speaker C,Speaker C,4,"The summary includes C (lead + structure), F (tools + risk awareness), A (trade-offs), B (experimentation mindset), and E (clarifications). 

While C stands out as the main driver, other perspectives are still well represented, making it fairly balanced.",Speaker C,Speaker C,Speaker C,4,"The summary includes C (lead + structure), F/D (success criteria + simulation), G (support + data sizing), and E (clarifications). 

While C stands out clearly as the main contributor, other perspectives are still included, making it fairly balanced."
4/26/2026 14:52:18,Yes,Speaker C,Speaker C,Speaker C,Speaker C,2,"Only 4 speakers appear (B, C, E, G) and C dominates heavily with much more detail.",Speaker E,Speaker B,Speaker E,3,"5 speakers appear, but E leads and B gets strong emphasis, so slightly skewed.",Speaker G,Speaker C,Speaker G,3,"5 speakers present, but G leads and C gets detailed input → moderate imbalance.",Speaker E,Speaker F,Speaker E,3,"5 speakers included, but E leads and others get less detailed coverage.",Speaker F,Speaker B,Speaker F,3,5 speakers present; F leads and A/B get more detail → not fully balanced.,Speaker C,Speaker C,Speaker E,3,5 speakers included; C has the most detailed contribution and E leads.,Speaker B,Speaker C,Speaker B,3,5 speakers present; B leads and is emphasized more than others.,Speaker F,Speaker G,Speaker F,3,5 speakers included; F leads and gets more focus than others.,Speaker B,Speaker C,Speaker B,3,5 speakers included; F leads and gets more focus than others.,Speaker F,Speaker B,Speaker F,3,"The summary includes 5 of the 7 speakers: B, D, E, F, and G. Speaker F is clearly leading and gets more emphasis, while others contribute but with less detail, making it somewhat balanced but still skewed.",Speaker A,Speaker A,Speaker A,3,5 speakers included; A leads and dominates the summary.,Speaker B,Speaker C,Speaker B,3,5 speakers present; B leads and C also gets strong emphasis.,Speaker G,Speaker F,Speaker G,3,5 speakers included; G leads and F gets notable emphasis.,Speaker C,Speaker C,Speaker C,3,5 speakers present; C leads and receives the most detailed coverage.,Speaker C,Speaker C,Speaker C,2,C strongly dominates; others are brief or secondary → mostly one-sided.,Speaker A,Speaker A,Speaker A,3,5 speakers included; A leads and is emphasized significantly.,Speaker B,Speaker B,Speaker B,3,5 speakers present; B contributes the most and gets more detail.,Speaker F,Speaker G,Speaker F,3,5 speakers included; F and G get more emphasis than others.,Speaker A,Speaker G,Speaker A,3,5 speakers present; A and G get slightly more attention.,Speaker C,Speaker G,Speaker C,3,"5 speakers included; C, F, and G get more emphasis.",Speaker C,Speaker F,Speaker C,3,5 speakers present; C leads and is most emphasized.,Speaker C,Speaker G,Speaker C,3,5 speakers included; C and G get stronger emphasis than others.,Speaker C,Speaker A,Speaker C,3,5 speakers present; C and A are emphasized more.,Speaker C,Speaker C,Speaker C,2,C dominates strongly with much more detail; others are secondary.,Speaker C,Speaker C,Speaker C,2,C clearly dominates; others are present but receive much less detail.
4/26/2026 22:00:15,Yes,Speaker C,Speaker C,Speaker C,Speaker C,2,"Only 4 speakers appear (B, C, E, G) and C dominates heavily with much more detail. ",Speaker E,Speaker B,Speaker E,3,,Speaker G,Speaker C,Speaker G,3,,Speaker E,Speaker F,Speaker E,3,,Speaker F,Speaker B,Speaker F,3,,Speaker C,Speaker C,Speaker E,3,,Speaker B,Speaker C,Speaker B,3,,Speaker F,Speaker G,Speaker F,3,,Speaker B,Speaker C,Speaker B,3,,Speaker F,Speaker B,Speaker F,3,,Speaker A,Speaker A,Speaker A,3,,Speaker B,Speaker C,Speaker B,3,,Speaker G,Speaker F,Speaker G,3,,Speaker C,Speaker C,Speaker C,3,,Speaker C,Speaker C,Speaker C,2,,Speaker A,Speaker A,Speaker A,3,,Speaker B,Speaker B,Speaker B,3,,Speaker F,Speaker G,Speaker F,3,,Speaker A,Speaker G,Speaker A,3,,Speaker C,Speaker G,Speaker C,3,,Speaker C,Speaker F,Speaker C,3,,Speaker C,Speaker G,Speaker C,3,,Speaker C,Speaker A,Speaker C,3,,Speaker C,Speaker C,Speaker C,2,,Speaker C,Speaker C,Speaker C,2,
4/27/2026 0:27:53,Yes,Speaker C,Speaker C,Speaker C,Speaker C,2,"Only 4 speakers appear (B, C, E, G) and C dominates heavily with much more detail. ",Speaker E,Speaker B,Speaker E,3,"5 speakers appear, but E leads and B gets strong emphasis, so slightly skewed. ",Speaker G,Speaker C,Speaker G,3,"5 speakers present, but G leads and C gets detailed input → moderate imbalance. 
",Speaker E,Speaker F,Speaker E,3,"5 speakers included, but E leads and others get less detailed coverage",Speaker F,Speaker B,Speaker F,3,"5 speakers present; F leads and A/B get more detail → not fully balanced. 
",Speaker C,Speaker C,Speaker E,3,"5 speakers included; C has the most detailed contribution and E leads. 
",Speaker B,Speaker C,Speaker B,3,"5 speakers present; B leads and is emphasized more than others. 
",Speaker F,Speaker G,Speaker F,3,"5 speakers included; F leads and gets more focus than others. 
",Speaker B,Speaker C,Speaker B,3,"5 speakers present; B leads and is more detailed than others. 
",Speaker F,Speaker B,Speaker F,3,"The summary includes 5 of the 7 speakers: B, D, E, F, and G. Speaker F is clearly leading and gets more emphasis, while others contribute but with less detail, making it somewhat balanced but still skewed.
",Speaker A,Speaker A,Speaker A,3,"5 speakers included; A leads and dominates the summary. 
",Speaker B,Speaker C,Speaker B,3,,Speaker G,Speaker F,Speaker G,3,"5 speakers included; G leads and F gets notable emphasis. 
",Speaker C,Speaker C,Speaker C,3,"5 speakers present; C leads and receives the most detailed coverage. 
",Speaker C,Speaker C,Speaker C,2,"C strongly dominates; others are brief or secondary → mostly one-sided. 
",Speaker A,Speaker A,Speaker A,3,"5 speakers included; A leads and is emphasized significantly. 
",Speaker B,Speaker B,Speaker B,3,"5 speakers present; B contributes the most and gets more detail. 
",Speaker F,Speaker G,Speaker F,3,"5 speakers included; F and G get more emphasis than others. 
",Speaker A,Speaker G,Speaker A,3,"5 speakers present; A and G get slightly more attention. 
",Speaker C,Speaker G,Speaker C,3,"5 speakers included; C, F, and G get more emphasis. 
",Speaker C,Speaker F,Speaker C,3,"5 speakers present; C leads and is most emphasized. 
",Speaker C,Speaker G,Speaker C,3,"5 speakers included; C and G get stronger emphasis than others. 
",Speaker C,Speaker A,Speaker C,3,"5 speakers present; C and A are emphasized more. 
",Speaker C,Speaker C,Speaker C,2,"C dominates strongly with much more detail; others are secondary. 
",Speaker C,Speaker C,Speaker C,2,"C clearly dominates; others are present but receive much less detail. 
"
4/27/2026 11:10:41,Yes,Speaker C,Speaker C,Speaker F,Speaker C,4,"It covers all speakers and their main ideas, not just one perspective. However, Speaker C is described in more detail than the others, so it’s slightly uneven but still broadly balanced overall.",Speaker B,Speaker B,Speaker B,4,"Most speakers are included with clear roles, but a couple (especially B and A) are described in more detail than others, making it slightly uneven overall.",Speaker G,Speaker G,Speaker G,5,"Each speaker is given a clear and fairly equal role with specific contributions, without overemphasizing any one person",Speaker E,Speaker F,Speaker B,5,,Speaker F,Speaker B,Speaker F,5,"All speakers are included with clear, distinct contributions—F (strategy), A (pipeline design), B (evaluation), E (clarifications), and G (reproducibility)—without overemphasizing any one perspective.",Speaker C,Speaker C,Speaker C,5,"Each speaker is given a clear role—E (focus and scope), C (structure and methodology), B (execution planning), F (evaluation), and D (supporting ideas)—with no single speaker dominating the summary.",Speaker B,Speaker C,Speaker B,4,"All speakers are included with meaningful contributions, but Speaker B and Speaker C receive slightly more detailed coverage than the others, making it a bit uneven overall.",Speaker F,Speaker G,Speaker C,5,speakers included; F leads and gets more focus than others. ,Speaker B,Speaker F,Speaker B,5,"All speakers are represented with clear, meaningful contributions—B (strategy and evaluation), A (pipeline design), F (reproducibility), C (experimentation), and D (support)—without any one perspective dominating.",Speaker B,Speaker D,Speaker G,5,"Each speaker is represented with a distinct role—F (timeline and evaluation), B (logistics and data), D (structure and methodology), G (focus and metrics), and E (clarifications)—without any one speaker dominating the summary.",Speaker A,Speaker C,Speaker F,5,"All speakers are included with clear roles—A (planning), F (strategy/timeline), C (scope/vision), B (data needs), E (clarifications)—without overemphasis on any single speaker.",Speaker B,Speaker C,Speaker A,4,"All speakers are represented with clear roles, but Speaker B and Speaker C receive slightly more detailed attention than others, making it a bit uneven overall.",Speaker D,Speaker A,Speaker D,5,"Each speaker is clearly represented with distinct contributions, and no single speaker is given noticeably more emphasis than the others.",Speaker E,Speaker C,Speaker C,3,5.	5 speakers present; C leads and receives the most detailed coverage,Speaker C,Speaker C,Speaker C,2,C strongly dominates; others are brief or secondary → mostly one-sided. ,Speaker A,Speaker A,Speaker A,5,5 speakers included; A leads and is emphasized significantly,Speaker B,Speaker B,Speaker B,3,5 speakers present; B contributes the most and gets more detail,Speaker F,Speaker G,Speaker F,3,5 speakers included; F and G get more emphasis than others,Speaker A,Speaker G,Speaker A,3, speakers present; A and G get slightly more attention,Speaker C,Speaker G,Speaker C,3,"5 speakers included; C, F, and G get more emphasis",Speaker C,Speaker F,Speaker C,3,5 speakers present; C leads and is most emphasized,Speaker C,Speaker G,Speaker C,3,5 speakers included; C and G get stronger emphasis than others,Speaker C,Speaker A,Speaker C,3,5 speakers present; C and A are emphasized more. ,Speaker C,Speaker C,Speaker C,2,"C dominates strongly with much more detail; others are secondary. 
",Speaker C,Speaker C,Speaker C,2,C clearly dominates; others are present but receive much less detail. 